direction_color,rowDate,rowDateRaw,rowDateTimestamp,last_close,last_open,last_max,last_min,volume,volumeRaw,change_precent,last_closeRaw,last_openRaw,last_maxRaw,last_minRaw,change_precentRaw,date,valid_ohlc,weekday,is_weekend,year,month
,,,2000-01-01,,,,,,,,,,,,,2000-01-01,False,5,True,2000,1
,,,2000-01-02,,,,,,,,,,,,,2000-01-02,False,6,True,2000,1
,,,2000-01-08,,,,,,,,,,,,,2000-01-08,False,5,True,2000,1
,,,2000-01-09,,,,,,,,,,,,,2000-01-09,False,6,True,2000,1
,,,2000-01-15,,,,,,,,,,,,,2000-01-15,False,5,True,2000,1
,,,2000-01-16,,,,,,,,,,,,,2000-01-16,False,6,True,2000,1
,,,2000-01-22,,,,,,,,,,,,,2000-01-22,False,5,True,2000,1
,,,2000-01-23,,,,,,,,,,,,,2000-01-23,False,6,True,2000,1
,,,2000-01-29,,,,,,,,,,,,,2000-01-29,False,5,True,2000,1
,,,2000-01-30,,,,,,,,,,,,,2000-01-30,False,6,True,2000,1
,,,2000-02-05,,,,,,,,,,,,,2000-02-05,False,5,True,2000,2
,,,2000-02-06,,,,,,,,,,,,,2000-02-06,False,6,True,2000,2
,,,2000-02-12,,,,,,,,,,,,,2000-02-12,False,5,True,2000,2
,,,2000-02-13,,,,,,,,,,,,,2000-02-13,False,6,True,2000,2
,,,2000-02-19,,,,,,,,,,,,,2000-02-19,False,5,True,2000,2
,,,2000-02-20,,,,,,,,,,,,,2000-02-20,False,6,True,2000,2
,,,2000-02-26,,,,,,,,,,,,,2000-02-26,False,5,True,2000,2
,,,2000-02-27,,,,,,,,,,,,,2000-02-27,False,6,True,2000,2
,,,2000-03-04,,,,,,,,,,,,,2000-03-04,False,5,True,2000,3
,,,2000-03-05,,,,,,,,,,,,,2000-03-05,False,6,True,2000,3
,,,2000-03-11,,,,,,,,,,,,,2000-03-11,False,5,True,2000,3
,,,2000-03-12,,,,,,,,,,,,,2000-03-12,False,6,True,2000,3
,,,2000-03-18,,,,,,,,,,,,,2000-03-18,False,5,True,2000,3
,,,2000-03-19,,,,,,,,,,,,,2000-03-19,False,6,True,2000,3
,,,2000-03-25,,,,,,,,,,,,,2000-03-25,False,5,True,2000,3
,,,2000-03-26,,,,,,,,,,,,,2000-03-26,False,6,True,2000,3
,,,2000-04-01,,,,,,,,,,,,,2000-04-01,False,5,True,2000,4
,,,2000-04-02,,,,,,,,,,,,,2000-04-02,False,6,True,2000,4
,,,2000-04-08,,,,,,,,,,,,,2000-04-08,False,5,True,2000,4
,,,2000-04-09,,,,,,,,,,,,,2000-04-09,False,6,True,2000,4
,,,2000-04-15,,,,,,,,,,,,,2000-04-15,False,5,True,2000,4
,,,2000-04-16,,,,,,,,,,,,,2000-04-16,False,6,True,2000,4
,,,2000-04-22,,,,,,,,,,,,,2000-04-22,False,5,True,2000,4
,,,2000-04-23,,,,,,,,,,,,,2000-04-23,False,6,True,2000,4
,,,2000-04-29,,,,,,,,,,,,,2000-04-29,False,5,True,2000,4
,,,2000-04-30,,,,,,,,,,,,,2000-04-30,False,6,True,2000,4
,,,2000-05-06,,,,,,,,,,,,,2000-05-06,False,5,True,2000,5
,,,2000-05-07,,,,,,,,,,,,,2000-05-07,False,6,True,2000,5
,,,2000-05-13,,,,,,,,,,,,,2000-05-13,False,5,True,2000,5
,,,2000-05-14,,,,,,,,,,,,,2000-05-14,False,6,True,2000,5
,,,2000-05-20,,,,,,,,,,,,,2000-05-20,False,5,True,2000,5
,,,2000-05-21,,,,,,,,,,,,,2000-05-21,False,6,True,2000,5
,,,2000-05-27,,,,,,,,,,,,,2000-05-27,False,5,True,2000,5
,,,2000-05-28,,,,,,,,,,,,,2000-05-28,False,6,True,2000,5
,,,2000-06-03,,,,,,,,,,,,,2000-06-03,False,5,True,2000,6
,,,2000-06-04,,,,,,,,,,,,,2000-06-04,False,6,True,2000,6
,,,2000-06-10,,,,,,,,,,,,,2000-06-10,False,5,True,2000,6
,,,2000-06-11,,,,,,,,,,,,,2000-06-11,False,6,True,2000,6
,,,2000-06-17,,,,,,,,,,,,,2000-06-17,False,5,True,2000,6
,,,2000-06-18,,,,,,,,,,,,,2000-06-18,False,6,True,2000,6
,,,2000-06-24,,,,,,,,,,,,,2000-06-24,False,5,True,2000,6
,,,2000-06-25,,,,,,,,,,,,,2000-06-25,False,6,True,2000,6
,,,2000-07-01,,,,,,,,,,,,,2000-07-01,False,5,True,2000,7
,,,2000-07-02,,,,,,,,,,,,,2000-07-02,False,6,True,2000,7
,,,2000-07-08,,,,,,,,,,,,,2000-07-08,False,5,True,2000,7
,,,2000-07-09,,,,,,,,,,,,,2000-07-09,False,6,True,2000,7
,,,2000-07-15,,,,,,,,,,,,,2000-07-15,False,5,True,2000,7
,,,2000-07-16,,,,,,,,,,,,,2000-07-16,False,6,True,2000,7
,,,2000-07-22,,,,,,,,,,,,,2000-07-22,False,5,True,2000,7
,,,2000-07-23,,,,,,,,,,,,,2000-07-23,False,6,True,2000,7
,,,2000-07-29,,,,,,,,,,,,,2000-07-29,False,5,True,2000,7
,,,2000-07-30,,,,,,,,,,,,,2000-07-30,False,6,True,2000,7
,,,2000-08-05,,,,,,,,,,,,,2000-08-05,False,5,True,2000,8
,,,2000-08-06,,,,,,,,,,,,,2000-08-06,False,6,True,2000,8
,,,2000-08-12,,,,,,,,,,,,,2000-08-12,False,5,True,2000,8
,,,2000-08-13,,,,,,,,,,,,,2000-08-13,False,6,True,2000,8
,,,2000-08-19,,,,,,,,,,,,,2000-08-19,False,5,True,2000,8
,,,2000-08-20,,,,,,,,,,,,,2000-08-20,False,6,True,2000,8
,,,2000-08-26,,,,,,,,,,,,,2000-08-26,False,5,True,2000,8
,,,2000-08-27,,,,,,,,,,,,,2000-08-27,False,6,True,2000,8
,,,2000-09-02,,,,,,,,,,,,,2000-09-02,False,5,True,2000,9
,,,2000-09-03,,,,,,,,,,,,,2000-09-03,False,6,True,2000,9
,,,2000-09-09,,,,,,,,,,,,,2000-09-09,False,5,True,2000,9
,,,2000-09-10,,,,,,,,,,,,,2000-09-10,False,6,True,2000,9
,,,2000-09-16,,,,,,,,,,,,,2000-09-16,False,5,True,2000,9
,,,2000-09-17,,,,,,,,,,,,,2000-09-17,False,6,True,2000,9
,,,2000-09-23,,,,,,,,,,,,,2000-09-23,False,5,True,2000,9
,,,2000-09-24,,,,,,,,,,,,,2000-09-24,False,6,True,2000,9
,,,2000-09-30,,,,,,,,,,,,,2000-09-30,False,5,True,2000,9
,,,2000-10-01,,,,,,,,,,,,,2000-10-01,False,6,True,2000,10
,,,2000-10-07,,,,,,,,,,,,,2000-10-07,False,5,True,2000,10
,,,2000-10-08,,,,,,,,,,,,,2000-10-08,False,6,True,2000,10
,,,2000-10-14,,,,,,,,,,,,,2000-10-14,False,5,True,2000,10
,,,2000-10-15,,,,,,,,,,,,,2000-10-15,False,6,True,2000,10
,,,2000-10-21,,,,,,,,,,,,,2000-10-21,False,5,True,2000,10
,,,2000-10-22,,,,,,,,,,,,,2000-10-22,False,6,True,2000,10
,,,2000-10-28,,,,,,,,,,,,,2000-10-28,False,5,True,2000,10
,,,2000-10-29,,,,,,,,,,,,,2000-10-29,False,6,True,2000,10
,,,2000-11-04,,,,,,,,,,,,,2000-11-04,False,5,True,2000,11
,,,2000-11-05,,,,,,,,,,,,,2000-11-05,False,6,True,2000,11
,,,2000-11-11,,,,,,,,,,,,,2000-11-11,False,5,True,2000,11
,,,2000-11-12,,,,,,,,,,,,,2000-11-12,False,6,True,2000,11
,,,2000-11-18,,,,,,,,,,,,,2000-11-18,False,5,True,2000,11
,,,2000-11-19,,,,,,,,,,,,,2000-11-19,False,6,True,2000,11
,,,2000-11-25,,,,,,,,,,,,,2000-11-25,False,5,True,2000,11
,,,2000-11-26,,,,,,,,,,,,,2000-11-26,False,6,True,2000,11
,,,2000-12-02,,,,,,,,,,,,,2000-12-02,False,5,True,2000,12
,,,2000-12-03,,,,,,,,,,,,,2000-12-03,False,6,True,2000,12
,,,2000-12-09,,,,,,,,,,,,,2000-12-09,False,5,True,2000,12
,,,2000-12-10,,,,,,,,,,,,,2000-12-10,False,6,True,2000,12
,,,2000-12-16,,,,,,,,,,,,,2000-12-16,False,5,True,2000,12
,,,2000-12-17,,,,,,,,,,,,,2000-12-17,False,6,True,2000,12
,,,2000-12-23,,,,,,,,,,,,,2000-12-23,False,5,True,2000,12
,,,2000-12-24,,,,,,,,,,,,,2000-12-24,False,6,True,2000,12
,,,2000-12-30,,,,,,,,,,,,,2000-12-30,False,5,True,2000,12
,,,2000-12-31,,,,,,,,,,,,,2000-12-31,False,6,True,2000,12
,,,2001-01-01,,,,,,,,,,,,,2001-01-01,False,0,False,2001,1
,,,2001-01-06,,,,,,,,,,,,,2001-01-06,False,5,True,2001,1
,,,2001-01-07,,,,,,,,,,,,,2001-01-07,False,6,True,2001,1
,,,2001-01-13,,,,,,,,,,,,,2001-01-13,False,5,True,2001,1
,,,2001-01-14,,,,,,,,,,,,,2001-01-14,False,6,True,2001,1
,,,2001-01-20,,,,,,,,,,,,,2001-01-20,False,5,True,2001,1
,,,2001-01-21,,,,,,,,,,,,,2001-01-21,False,6,True,2001,1
,,,2001-01-27,,,,,,,,,,,,,2001-01-27,False,5,True,2001,1
,,,2001-01-28,,,,,,,,,,,,,2001-01-28,False,6,True,2001,1
,,,2001-02-03,,,,,,,,,,,,,2001-02-03,False,5,True,2001,2
,,,2001-02-04,,,,,,,,,,,,,2001-02-04,False,6,True,2001,2
,,,2001-02-10,,,,,,,,,,,,,2001-02-10,False,5,True,2001,2
,,,2001-02-11,,,,,,,,,,,,,2001-02-11,False,6,True,2001,2
,,,2001-02-17,,,,,,,,,,,,,2001-02-17,False,5,True,2001,2
,,,2001-02-18,,,,,,,,,,,,,2001-02-18,False,6,True,2001,2
,,,2001-02-24,,,,,,,,,,,,,2001-02-24,False,5,True,2001,2
,,,2001-02-25,,,,,,,,,,,,,2001-02-25,False,6,True,2001,2
,,,2001-03-03,,,,,,,,,,,,,2001-03-03,False,5,True,2001,3
,,,2001-03-04,,,,,,,,,,,,,2001-03-04,False,6,True,2001,3
,,,2001-03-10,,,,,,,,,,,,,2001-03-10,False,5,True,2001,3
,,,2001-03-11,,,,,,,,,,,,,2001-03-11,False,6,True,2001,3
,,,2001-03-17,,,,,,,,,,,,,2001-03-17,False,5,True,2001,3
,,,2001-03-18,,,,,,,,,,,,,2001-03-18,False,6,True,2001,3
,,,2001-03-24,,,,,,,,,,,,,2001-03-24,False,5,True,2001,3
,,,2001-03-25,,,,,,,,,,,,,2001-03-25,False,6,True,2001,3
,,,2001-03-31,,,,,,,,,,,,,2001-03-31,False,5,True,2001,3
,,,2001-04-01,,,,,,,,,,,,,2001-04-01,False,6,True,2001,4
,,,2001-04-07,,,,,,,,,,,,,2001-04-07,False,5,True,2001,4
,,,2001-04-08,,,,,,,,,,,,,2001-04-08,False,6,True,2001,4
,,,2001-04-14,,,,,,,,,,,,,2001-04-14,False,5,True,2001,4
,,,2001-04-15,,,,,,,,,,,,,2001-04-15,False,6,True,2001,4
,,,2001-04-21,,,,,,,,,,,,,2001-04-21,False,5,True,2001,4
,,,2001-04-22,,,,,,,,,,,,,2001-04-22,False,6,True,2001,4
,,,2001-04-28,,,,,,,,,,,,,2001-04-28,False,5,True,2001,4
,,,2001-04-29,,,,,,,,,,,,,2001-04-29,False,6,True,2001,4
,,,2001-05-05,,,,,,,,,,,,,2001-05-05,False,5,True,2001,5
,,,2001-05-06,,,,,,,,,,,,,2001-05-06,False,6,True,2001,5
,,,2001-05-12,,,,,,,,,,,,,2001-05-12,False,5,True,2001,5
,,,2001-05-13,,,,,,,,,,,,,2001-05-13,False,6,True,2001,5
,,,2001-05-19,,,,,,,,,,,,,2001-05-19,False,5,True,2001,5
,,,2001-05-20,,,,,,,,,,,,,2001-05-20,False,6,True,2001,5
,,,2001-05-26,,,,,,,,,,,,,2001-05-26,False,5,True,2001,5
,,,2001-05-27,,,,,,,,,,,,,2001-05-27,False,6,True,2001,5
,,,2001-06-02,,,,,,,,,,,,,2001-06-02,False,5,True,2001,6
,,,2001-06-03,,,,,,,,,,,,,2001-06-03,False,6,True,2001,6
,,,2001-06-09,,,,,,,,,,,,,2001-06-09,False,5,True,2001,6
,,,2001-06-10,,,,,,,,,,,,,2001-06-10,False,6,True,2001,6
,,,2001-06-16,,,,,,,,,,,,,2001-06-16,False,5,True,2001,6
,,,2001-06-17,,,,,,,,,,,,,2001-06-17,False,6,True,2001,6
,,,2001-06-23,,,,,,,,,,,,,2001-06-23,False,5,True,2001,6
,,,2001-06-24,,,,,,,,,,,,,2001-06-24,False,6,True,2001,6
,,,2001-06-30,,,,,,,,,,,,,2001-06-30,False,5,True,2001,6
,,,2001-07-01,,,,,,,,,,,,,2001-07-01,False,6,True,2001,7
,,,2001-07-07,,,,,,,,,,,,,2001-07-07,False,5,True,2001,7
,,,2001-07-08,,,,,,,,,,,,,2001-07-08,False,6,True,2001,7
,,,2001-07-14,,,,,,,,,,,,,2001-07-14,False,5,True,2001,7
,,,2001-07-15,,,,,,,,,,,,,2001-07-15,False,6,True,2001,7
,,,2001-07-21,,,,,,,,,,,,,2001-07-21,False,5,True,2001,7
,,,2001-07-22,,,,,,,,,,,,,2001-07-22,False,6,True,2001,7
,,,2001-07-28,,,,,,,,,,,,,2001-07-28,False,5,True,2001,7
,,,2001-07-29,,,,,,,,,,,,,2001-07-29,False,6,True,2001,7
,,,2001-08-04,,,,,,,,,,,,,2001-08-04,False,5,True,2001,8
,,,2001-08-05,,,,,,,,,,,,,2001-08-05,False,6,True,2001,8
,,,2001-08-11,,,,,,,,,,,,,2001-08-11,False,5,True,2001,8
,,,2001-08-12,,,,,,,,,,,,,2001-08-12,False,6,True,2001,8
,,,2001-08-18,,,,,,,,,,,,,2001-08-18,False,5,True,2001,8
,,,2001-08-19,,,,,,,,,,,,,2001-08-19,False,6,True,2001,8
,,,2001-08-25,,,,,,,,,,,,,2001-08-25,False,5,True,2001,8
,,,2001-08-26,,,,,,,,,,,,,2001-08-26,False,6,True,2001,8
,,,2001-09-01,,,,,,,,,,,,,2001-09-01,False,5,True,2001,9
,,,2001-09-02,,,,,,,,,,,,,2001-09-02,False,6,True,2001,9
,,,2001-09-08,,,,,,,,,,,,,2001-09-08,False,5,True,2001,9
,,,2001-09-09,,,,,,,,,,,,,2001-09-09,False,6,True,2001,9
,,,2001-09-15,,,,,,,,,,,,,2001-09-15,False,5,True,2001,9
,,,2001-09-16,,,,,,,,,,,,,2001-09-16,False,6,True,2001,9
,,,2001-09-22,,,,,,,,,,,,,2001-09-22,False,5,True,2001,9
,,,2001-09-23,,,,,,,,,,,,,2001-09-23,False,6,True,2001,9
,,,2001-09-29,,,,,,,,,,,,,2001-09-29,False,5,True,2001,9
,,,2001-09-30,,,,,,,,,,,,,2001-09-30,False,6,True,2001,9
,,,2001-10-06,,,,,,,,,,,,,2001-10-06,False,5,True,2001,10
,,,2001-10-07,,,,,,,,,,,,,2001-10-07,False,6,True,2001,10
,,,2001-10-13,,,,,,,,,,,,,2001-10-13,False,5,True,2001,10
,,,2001-10-14,,,,,,,,,,,,,2001-10-14,False,6,True,2001,10
,,,2001-10-20,,,,,,,,,,,,,2001-10-20,False,5,True,2001,10
,,,2001-10-21,,,,,,,,,,,,,2001-10-21,False,6,True,2001,10
,,,2001-10-27,,,,,,,,,,,,,2001-10-27,False,5,True,2001,10
,,,2001-10-28,,,,,,,,,,,,,2001-10-28,False,6,True,2001,10
,,,2001-11-03,,,,,,,,,,,,,2001-11-03,False,5,True,2001,11
,,,2001-11-04,,,,,,,,,,,,,2001-11-04,False,6,True,2001,11
,,,2001-11-10,,,,,,,,,,,,,2001-11-10,False,5,True,2001,11
,,,2001-11-11,,,,,,,,,,,,,2001-11-11,False,6,True,2001,11
,,,2001-11-17,,,,,,,,,,,,,2001-11-17,False,5,True,2001,11
,,,2001-11-18,,,,,,,,,,,,,2001-11-18,False,6,True,2001,11
,,,2001-11-24,,,,,,,,,,,,,2001-11-24,False,5,True,2001,11
,,,2001-11-25,,,,,,,,,,,,,2001-11-25,False,6,True,2001,11
,,,2001-12-01,,,,,,,,,,,,,2001-12-01,False,5,True,2001,12
,,,2001-12-02,,,,,,,,,,,,,2001-12-02,False,6,True,2001,12
,,,2001-12-08,,,,,,,,,,,,,2001-12-08,False,5,True,2001,12
,,,2001-12-09,,,,,,,,,,,,,2001-12-09,False,6,True,2001,12
,,,2001-12-15,,,,,,,,,,,,,2001-12-15,False,5,True,2001,12
,,,2001-12-16,,,,,,,,,,,,,2001-12-16,False,6,True,2001,12
,,,2001-12-22,,,,,,,,,,,,,2001-12-22,False,5,True,2001,12
,,,2001-12-23,,,,,,,,,,,,,2001-12-23,False,6,True,2001,12
,,,2001-12-29,,,,,,,,,,,,,2001-12-29,False,5,True,2001,12
,,,2001-12-30,,,,,,,,,,,,,2001-12-30,False,6,True,2001,12
,,,2002-01-01,,,,,,,,,,,,,2002-01-01,False,1,False,2002,1
,,,2002-01-05,,,,,,,,,,,,,2002-01-05,False,5,True,2002,1
,,,2002-01-06,,,,,,,,,,,,,2002-01-06,False,6,True,2002,1
,,,2002-01-12,,,,,,,,,,,,,2002-01-12,False,5,True,2002,1
,,,2002-01-13,,,,,,,,,,,,,2002-01-13,False,6,True,2002,1
,,,2002-01-19,,,,,,,,,,,,,2002-01-19,False,5,True,2002,1
,,,2002-01-20,,,,,,,,,,,,,2002-01-20,False,6,True,2002,1
,,,2002-01-26,,,,,,,,,,,,,2002-01-26,False,5,True,2002,1
,,,2002-01-27,,,,,,,,,,,,,2002-01-27,False,6,True,2002,1
,,,2002-02-02,,,,,,,,,,,,,2002-02-02,False,5,True,2002,2
,,,2002-02-03,,,,,,,,,,,,,2002-02-03,False,6,True,2002,2
,,,2002-02-09,,,,,,,,,,,,,2002-02-09,False,5,True,2002,2
,,,2002-02-10,,,,,,,,,,,,,2002-02-10,False,6,True,2002,2
,,,2002-02-16,,,,,,,,,,,,,2002-02-16,False,5,True,2002,2
,,,2002-02-17,,,,,,,,,,,,,2002-02-17,False,6,True,2002,2
,,,2002-02-23,,,,,,,,,,,,,2002-02-23,False,5,True,2002,2
,,,2002-02-24,,,,,,,,,,,,,2002-02-24,False,6,True,2002,2
,,,2002-03-02,,,,,,,,,,,,,2002-03-02,False,5,True,2002,3
,,,2002-03-03,,,,,,,,,,,,,2002-03-03,False,6,True,2002,3
,,,2002-03-09,,,,,,,,,,,,,2002-03-09,False,5,True,2002,3
,,,2002-03-10,,,,,,,,,,,,,2002-03-10,False,6,True,2002,3
,,,2002-03-16,,,,,,,,,,,,,2002-03-16,False,5,True,2002,3
,,,2002-03-17,,,,,,,,,,,,,2002-03-17,False,6,True,2002,3
,,,2002-03-23,,,,,,,,,,,,,2002-03-23,False,5,True,2002,3
,,,2002-03-24,,,,,,,,,,,,,2002-03-24,False,6,True,2002,3
,,,2002-03-30,,,,,,,,,,,,,2002-03-30,False,5,True,2002,3
,,,2002-03-31,,,,,,,,,,,,,2002-03-31,False,6,True,2002,3
,,,2002-04-06,,,,,,,,,,,,,2002-04-06,False,5,True,2002,4
,,,2002-04-07,,,,,,,,,,,,,2002-04-07,False,6,True,2002,4
,,,2002-04-13,,,,,,,,,,,,,2002-04-13,False,5,True,2002,4
,,,2002-04-14,,,,,,,,,,,,,2002-04-14,False,6,True,2002,4
,,,2002-04-20,,,,,,,,,,,,,2002-04-20,False,5,True,2002,4
,,,2002-04-21,,,,,,,,,,,,,2002-04-21,False,6,True,2002,4
,,,2002-04-27,,,,,,,,,,,,,2002-04-27,False,5,True,2002,4
,,,2002-04-28,,,,,,,,,,,,,2002-04-28,False,6,True,2002,4
,,,2002-05-04,,,,,,,,,,,,,2002-05-04,False,5,True,2002,5
,,,2002-05-05,,,,,,,,,,,,,2002-05-05,False,6,True,2002,5
,,,2002-05-11,,,,,,,,,,,,,2002-05-11,False,5,True,2002,5
,,,2002-05-12,,,,,,,,,,,,,2002-05-12,False,6,True,2002,5
,,,2002-05-18,,,,,,,,,,,,,2002-05-18,False,5,True,2002,5
,,,2002-05-19,,,,,,,,,,,,,2002-05-19,False,6,True,2002,5
,,,2002-05-25,,,,,,,,,,,,,2002-05-25,False,5,True,2002,5
,,,2002-05-26,,,,,,,,,,,,,2002-05-26,False,6,True,2002,5
,,,2002-06-01,,,,,,,,,,,,,2002-06-01,False,5,True,2002,6
,,,2002-06-02,,,,,,,,,,,,,2002-06-02,False,6,True,2002,6
,,,2002-06-08,,,,,,,,,,,,,2002-06-08,False,5,True,2002,6
,,,2002-06-09,,,,,,,,,,,,,2002-06-09,False,6,True,2002,6
,,,2002-06-15,,,,,,,,,,,,,2002-06-15,False,5,True,2002,6
,,,2002-06-16,,,,,,,,,,,,,2002-06-16,False,6,True,2002,6
,,,2002-06-22,,,,,,,,,,,,,2002-06-22,False,5,True,2002,6
,,,2002-06-23,,,,,,,,,,,,,2002-06-23,False,6,True,2002,6
,,,2002-06-29,,,,,,,,,,,,,2002-06-29,False,5,True,2002,6
,,,2002-06-30,,,,,,,,,,,,,2002-06-30,False,6,True,2002,6
,,,2002-07-06,,,,,,,,,,,,,2002-07-06,False,5,True,2002,7
,,,2002-07-07,,,,,,,,,,,,,2002-07-07,False,6,True,2002,7
,,,2002-07-13,,,,,,,,,,,,,2002-07-13,False,5,True,2002,7
,,,2002-07-14,,,,,,,,,,,,,2002-07-14,False,6,True,2002,7
,,,2002-07-20,,,,,,,,,,,,,2002-07-20,False,5,True,2002,7
,,,2002-07-21,,,,,,,,,,,,,2002-07-21,False,6,True,2002,7
,,,2002-07-27,,,,,,,,,,,,,2002-07-27,False,5,True,2002,7
,,,2002-07-28,,,,,,,,,,,,,2002-07-28,False,6,True,2002,7
,,,2002-08-03,,,,,,,,,,,,,2002-08-03,False,5,True,2002,8
,,,2002-08-04,,,,,,,,,,,,,2002-08-04,False,6,True,2002,8
,,,2002-08-10,,,,,,,,,,,,,2002-08-10,False,5,True,2002,8
,,,2002-08-11,,,,,,,,,,,,,2002-08-11,False,6,True,2002,8
,,,2002-08-17,,,,,,,,,,,,,2002-08-17,False,5,True,2002,8
,,,2002-08-18,,,,,,,,,,,,,2002-08-18,False,6,True,2002,8
,,,2002-08-24,,,,,,,,,,,,,2002-08-24,False,5,True,2002,8
,,,2002-08-25,,,,,,,,,,,,,2002-08-25,False,6,True,2002,8
,,,2002-08-31,,,,,,,,,,,,,2002-08-31,False,5,True,2002,8
,,,2002-09-01,,,,,,,,,,,,,2002-09-01,False,6,True,2002,9
,,,2002-09-07,,,,,,,,,,,,,2002-09-07,False,5,True,2002,9
,,,2002-09-08,,,,,,,,,,,,,2002-09-08,False,6,True,2002,9
,,,2002-09-14,,,,,,,,,,,,,2002-09-14,False,5,True,2002,9
,,,2002-09-15,,,,,,,,,,,,,2002-09-15,False,6,True,2002,9
,,,2002-09-21,,,,,,,,,,,,,2002-09-21,False,5,True,2002,9
,,,2002-09-22,,,,,,,,,,,,,2002-09-22,False,6,True,2002,9
,,,2002-09-28,,,,,,,,,,,,,2002-09-28,False,5,True,2002,9
,,,2002-09-29,,,,,,,,,,,,,2002-09-29,False,6,True,2002,9
,,,2002-10-05,,,,,,,,,,,,,2002-10-05,False,5,True,2002,10
,,,2002-10-06,,,,,,,,,,,,,2002-10-06,False,6,True,2002,10
,,,2002-10-12,,,,,,,,,,,,,2002-10-12,False,5,True,2002,10
,,,2002-10-13,,,,,,,,,,,,,2002-10-13,False,6,True,2002,10
,,,2002-10-19,,,,,,,,,,,,,2002-10-19,False,5,True,2002,10
,,,2002-10-20,,,,,,,,,,,,,2002-10-20,False,6,True,2002,10
,,,2002-10-26,,,,,,,,,,,,,2002-10-26,False,5,True,2002,10
,,,2002-10-27,,,,,,,,,,,,,2002-10-27,False,6,True,2002,10
,,,2002-11-02,,,,,,,,,,,,,2002-11-02,False,5,True,2002,11
,,,2002-11-03,,,,,,,,,,,,,2002-11-03,False,6,True,2002,11
,,,2002-11-09,,,,,,,,,,,,,2002-11-09,False,5,True,2002,11
,,,2002-11-10,,,,,,,,,,,,,2002-11-10,False,6,True,2002,11
,,,2002-11-16,,,,,,,,,,,,,2002-11-16,False,5,True,2002,11
,,,2002-11-17,,,,,,,,,,,,,2002-11-17,False,6,True,2002,11
,,,2002-11-23,,,,,,,,,,,,,2002-11-23,False,5,True,2002,11
,,,2002-11-24,,,,,,,,,,,,,2002-11-24,False,6,True,2002,11
,,,2002-11-30,,,,,,,,,,,,,2002-11-30,False,5,True,2002,11
,,,2002-12-01,,,,,,,,,,,,,2002-12-01,False,6,True,2002,12
,,,2002-12-07,,,,,,,,,,,,,2002-12-07,False,5,True,2002,12
,,,2002-12-08,,,,,,,,,,,,,2002-12-08,False,6,True,2002,12
,,,2002-12-14,,,,,,,,,,,,,2002-12-14,False,5,True,2002,12
,,,2002-12-15,,,,,,,,,,,,,2002-12-15,False,6,True,2002,12
,,,2002-12-21,,,,,,,,,,,,,2002-12-21,False,5,True,2002,12
,,,2002-12-22,,,,,,,,,,,,,2002-12-22,False,6,True,2002,12
,,,2002-12-28,,,,,,,,,,,,,2002-12-28,False,5,True,2002,12
,,,2002-12-29,,,,,,,,,,,,,2002-12-29,False,6,True,2002,12
,,,2003-01-04,,,,,,,,,,,,,2003-01-04,False,5,True,2003,1
,,,2003-01-05,,,,,,,,,,,,,2003-01-05,False,6,True,2003,1
,,,2003-01-11,,,,,,,,,,,,,2003-01-11,False,5,True,2003,1
,,,2003-01-12,,,,,,,,,,,,,2003-01-12,False,6,True,2003,1
,,,2003-01-18,,,,,,,,,,,,,2003-01-18,False,5,True,2003,1
,,,2003-01-19,,,,,,,,,,,,,2003-01-19,False,6,True,2003,1
,,,2003-01-25,,,,,,,,,,,,,2003-01-25,False,5,True,2003,1
,,,2003-01-26,,,,,,,,,,,,,2003-01-26,False,6,True,2003,1
,,,2003-02-01,,,,,,,,,,,,,2003-02-01,False,5,True,2003,2
,,,2003-02-02,,,,,,,,,,,,,2003-02-02,False,6,True,2003,2
,,,2003-02-08,,,,,,,,,,,,,2003-02-08,False,5,True,2003,2
,,,2003-02-09,,,,,,,,,,,,,2003-02-09,False,6,True,2003,2
,,,2003-02-15,,,,,,,,,,,,,2003-02-15,False,5,True,2003,2
,,,2003-02-16,,,,,,,,,,,,,2003-02-16,False,6,True,2003,2
,,,2003-02-22,,,,,,,,,,,,,2003-02-22,False,5,True,2003,2
,,,2003-02-23,,,,,,,,,,,,,2003-02-23,False,6,True,2003,2
,,,2003-03-01,,,,,,,,,,,,,2003-03-01,False,5,True,2003,3
,,,2003-03-02,,,,,,,,,,,,,2003-03-02,False,6,True,2003,3
,,,2003-03-08,,,,,,,,,,,,,2003-03-08,False,5,True,2003,3
,,,2003-03-09,,,,,,,,,,,,,2003-03-09,False,6,True,2003,3
,,,2003-03-15,,,,,,,,,,,,,2003-03-15,False,5,True,2003,3
,,,2003-03-16,,,,,,,,,,,,,2003-03-16,False,6,True,2003,3
,,,2003-03-22,,,,,,,,,,,,,2003-03-22,False,5,True,2003,3
,,,2003-03-23,,,,,,,,,,,,,2003-03-23,False,6,True,2003,3
,,,2003-03-29,,,,,,,,,,,,,2003-03-29,False,5,True,2003,3
,,,2003-03-30,,,,,,,,,,,,,2003-03-30,False,6,True,2003,3
,,,2003-04-05,,,,,,,,,,,,,2003-04-05,False,5,True,2003,4
,,,2003-04-06,,,,,,,,,,,,,2003-04-06,False,6,True,2003,4
,,,2003-04-12,,,,,,,,,,,,,2003-04-12,False,5,True,2003,4
,,,2003-04-13,,,,,,,,,,,,,2003-04-13,False,6,True,2003,4
,,,2003-04-19,,,,,,,,,,,,,2003-04-19,False,5,True,2003,4
,,,2003-04-20,,,,,,,,,,,,,2003-04-20,False,6,True,2003,4
,,,2003-04-26,,,,,,,,,,,,,2003-04-26,False,5,True,2003,4
,,,2003-04-27,,,,,,,,,,,,,2003-04-27,False,6,True,2003,4
,,,2003-05-03,,,,,,,,,,,,,2003-05-03,False,5,True,2003,5
,,,2003-05-04,,,,,,,,,,,,,2003-05-04,False,6,True,2003,5
,,,2003-05-10,,,,,,,,,,,,,2003-05-10,False,5,True,2003,5
,,,2003-05-11,,,,,,,,,,,,,2003-05-11,False,6,True,2003,5
,,,2003-05-17,,,,,,,,,,,,,2003-05-17,False,5,True,2003,5
,,,2003-05-18,,,,,,,,,,,,,2003-05-18,False,6,True,2003,5
,,,2003-05-24,,,,,,,,,,,,,2003-05-24,False,5,True,2003,5
,,,2003-05-25,,,,,,,,,,,,,2003-05-25,False,6,True,2003,5
,,,2003-05-31,,,,,,,,,,,,,2003-05-31,False,5,True,2003,5
,,,2003-06-01,,,,,,,,,,,,,2003-06-01,False,6,True,2003,6
,,,2003-06-07,,,,,,,,,,,,,2003-06-07,False,5,True,2003,6
,,,2003-06-08,,,,,,,,,,,,,2003-06-08,False,6,True,2003,6
,,,2003-06-11,,,,,,,,,,,,,2003-06-11,False,2,False,2003,6
,,,2003-06-14,,,,,,,,,,,,,2003-06-14,False,5,True,2003,6
,,,2003-06-15,,,,,,,,,,,,,2003-06-15,False,6,True,2003,6
,,,2003-06-21,,,,,,,,,,,,,2003-06-21,False,5,True,2003,6
,,,2003-06-22,,,,,,,,,,,,,2003-06-22,False,6,True,2003,6
,,,2003-06-28,,,,,,,,,,,,,2003-06-28,False,5,True,2003,6
,,,2003-06-29,,,,,,,,,,,,,2003-06-29,False,6,True,2003,6
,,,2003-07-05,,,,,,,,,,,,,2003-07-05,False,5,True,2003,7
,,,2003-07-06,,,,,,,,,,,,,2003-07-06,False,6,True,2003,7
,,,2003-07-12,,,,,,,,,,,,,2003-07-12,False,5,True,2003,7
,,,2003-07-13,,,,,,,,,,,,,2003-07-13,False,6,True,2003,7
,,,2003-07-19,,,,,,,,,,,,,2003-07-19,False,5,True,2003,7
,,,2003-07-20,,,,,,,,,,,,,2003-07-20,False,6,True,2003,7
,,,2003-07-23,,,,,,,,,,,,,2003-07-23,False,2,False,2003,7
,,,2003-07-26,,,,,,,,,,,,,2003-07-26,False,5,True,2003,7
,,,2003-07-27,,,,,,,,,,,,,2003-07-27,False,6,True,2003,7
,,,2003-08-02,,,,,,,,,,,,,2003-08-02,False,5,True,2003,8
,,,2003-08-03,,,,,,,,,,,,,2003-08-03,False,6,True,2003,8
,,,2003-08-09,,,,,,,,,,,,,2003-08-09,False,5,True,2003,8
,,,2003-08-10,,,,,,,,,,,,,2003-08-10,False,6,True,2003,8
,,,2003-08-16,,,,,,,,,,,,,2003-08-16,False,5,True,2003,8
,,,2003-08-17,,,,,,,,,,,,,2003-08-17,False,6,True,2003,8
,,,2003-08-23,,,,,,,,,,,,,2003-08-23,False,5,True,2003,8
,,,2003-08-24,,,,,,,,,,,,,2003-08-24,False,6,True,2003,8
,,,2003-08-30,,,,,,,,,,,,,2003-08-30,False,5,True,2003,8
,,,2003-08-31,,,,,,,,,,,,,2003-08-31,False,6,True,2003,8
,,,2003-09-06,,,,,,,,,,,,,2003-09-06,False,5,True,2003,9
,,,2003-09-07,,,,,,,,,,,,,2003-09-07,False,6,True,2003,9
,,,2003-09-13,,,,,,,,,,,,,2003-09-13,False,5,True,2003,9
,,,2003-09-14,,,,,,,,,,,,,2003-09-14,False,6,True,2003,9
,,,2003-09-20,,,,,,,,,,,,,2003-09-20,False,5,True,2003,9
,,,2003-09-21,,,,,,,,,,,,,2003-09-21,False,6,True,2003,9
,,,2003-09-27,,,,,,,,,,,,,2003-09-27,False,5,True,2003,9
,,,2003-09-28,,,,,,,,,,,,,2003-09-28,False,6,True,2003,9
,,,2003-10-04,,,,,,,,,,,,,2003-10-04,False,5,True,2003,10
,,,2003-10-05,,,,,,,,,,,,,2003-10-05,False,6,True,2003,10
,,,2003-10-11,,,,,,,,,,,,,2003-10-11,False,5,True,2003,10
,,,2003-10-12,,,,,,,,,,,,,2003-10-12,False,6,True,2003,10
,,,2003-10-18,,,,,,,,,,,,,2003-10-18,False,5,True,2003,10
,,,2003-10-19,,,,,,,,,,,,,2003-10-19,False,6,True,2003,10
,,,2003-10-25,,,,,,,,,,,,,2003-10-25,False,5,True,2003,10
,,,2003-10-26,,,,,,,,,,,,,2003-10-26,False,6,True,2003,10
,,,2003-11-01,,,,,,,,,,,,,2003-11-01,False,5,True,2003,11
,,,2003-11-02,,,,,,,,,,,,,2003-11-02,False,6,True,2003,11
,,,2003-11-08,,,,,,,,,,,,,2003-11-08,False,5,True,2003,11
,,,2003-11-09,,,,,,,,,,,,,2003-11-09,False,6,True,2003,11
,,,2003-11-15,,,,,,,,,,,,,2003-11-15,False,5,True,2003,11
,,,2003-11-16,,,,,,,,,,,,,2003-11-16,False,6,True,2003,11
,,,2003-11-22,,,,,,,,,,,,,2003-11-22,False,5,True,2003,11
,,,2003-11-23,,,,,,,,,,,,,2003-11-23,False,6,True,2003,11
,,,2003-11-29,,,,,,,,,,,,,2003-11-29,False,5,True,2003,11
,,,2003-11-30,,,,,,,,,,,,,2003-11-30,False,6,True,2003,11
,,,2003-12-06,,,,,,,,,,,,,2003-12-06,False,5,True,2003,12
,,,2003-12-07,,,,,,,,,,,,,2003-12-07,False,6,True,2003,12
,,,2003-12-13,,,,,,,,,,,,,2003-12-13,False,5,True,2003,12
,,,2003-12-14,,,,,,,,,,,,,2003-12-14,False,6,True,2003,12
,,,2003-12-20,,,,,,,,,,,,,2003-12-20,False,5,True,2003,12
,,,2003-12-21,,,,,,,,,,,,,2003-12-21,False,6,True,2003,12
,,,2003-12-27,,,,,,,,,,,,,2003-12-27,False,5,True,2003,12
,,,2003-12-28,,,,,,,,,,,,,2003-12-28,False,6,True,2003,12
,,,2004-01-01,,,,,,,,,,,,,2004-01-01,False,3,False,2004,1
,,,2004-01-03,,,,,,,,,,,,,2004-01-03,False,5,True,2004,1
,,,2004-01-04,,,,,,,,,,,,,2004-01-04,False,6,True,2004,1
,,,2004-01-10,,,,,,,,,,,,,2004-01-10,False,5,True,2004,1
,,,2004-01-11,,,,,,,,,,,,,2004-01-11,False,6,True,2004,1
,,,2004-01-17,,,,,,,,,,,,,2004-01-17,False,5,True,2004,1
,,,2004-01-18,,,,,,,,,,,,,2004-01-18,False,6,True,2004,1
,,,2004-01-24,,,,,,,,,,,,,2004-01-24,False,5,True,2004,1
,,,2004-01-25,,,,,,,,,,,,,2004-01-25,False,6,True,2004,1
,,,2004-01-31,,,,,,,,,,,,,2004-01-31,False,5,True,2004,1
,,,2004-02-01,,,,,,,,,,,,,2004-02-01,False,6,True,2004,2
,,,2004-02-07,,,,,,,,,,,,,2004-02-07,False,5,True,2004,2
,,,2004-02-08,,,,,,,,,,,,,2004-02-08,False,6,True,2004,2
,,,2004-02-14,,,,,,,,,,,,,2004-02-14,False,5,True,2004,2
,,,2004-02-15,,,,,,,,,,,,,2004-02-15,False,6,True,2004,2
,,,2004-02-21,,,,,,,,,,,,,2004-02-21,False,5,True,2004,2
,,,2004-02-22,,,,,,,,,,,,,2004-02-22,False,6,True,2004,2
,,,2004-02-28,,,,,,,,,,,,,2004-02-28,False,5,True,2004,2
,,,2004-02-29,,,,,,,,,,,,,2004-02-29,False,6,True,2004,2
,,,2004-03-06,,,,,,,,,,,,,2004-03-06,False,5,True,2004,3
,,,2004-03-07,,,,,,,,,,,,,2004-03-07,False,6,True,2004,3
,,,2004-03-13,,,,,,,,,,,,,2004-03-13,False,5,True,2004,3
,,,2004-03-14,,,,,,,,,,,,,2004-03-14,False,6,True,2004,3
,,,2004-03-20,,,,,,,,,,,,,2004-03-20,False,5,True,2004,3
,,,2004-03-21,,,,,,,,,,,,,2004-03-21,False,6,True,2004,3
,,,2004-03-27,,,,,,,,,,,,,2004-03-27,False,5,True,2004,3
,,,2004-03-28,,,,,,,,,,,,,2004-03-28,False,6,True,2004,3
,,,2004-04-03,,,,,,,,,,,,,2004-04-03,False,5,True,2004,4
,,,2004-04-04,,,,,,,,,,,,,2004-04-04,False,6,True,2004,4
,,,2004-04-10,,,,,,,,,,,,,2004-04-10,False,5,True,2004,4
,,,2004-04-11,,,,,,,,,,,,,2004-04-11,False,6,True,2004,4
,,,2004-04-17,,,,,,,,,,,,,2004-04-17,False,5,True,2004,4
,,,2004-04-18,,,,,,,,,,,,,2004-04-18,False,6,True,2004,4
,,,2004-04-24,,,,,,,,,,,,,2004-04-24,False,5,True,2004,4
,,,2004-04-25,,,,,,,,,,,,,2004-04-25,False,6,True,2004,4
,,,2004-05-01,,,,,,,,,,,,,2004-05-01,False,5,True,2004,5
,,,2004-05-02,,,,,,,,,,,,,2004-05-02,False,6,True,2004,5
,,,2004-05-08,,,,,,,,,,,,,2004-05-08,False,5,True,2004,5
,,,2004-05-09,,,,,,,,,,,,,2004-05-09,False,6,True,2004,5
,,,2004-05-15,,,,,,,,,,,,,2004-05-15,False,5,True,2004,5
,,,2004-05-16,,,,,,,,,,,,,2004-05-16,False,6,True,2004,5
,,,2004-05-22,,,,,,,,,,,,,2004-05-22,False,5,True,2004,5
,,,2004-05-23,,,,,,,,,,,,,2004-05-23,False,6,True,2004,5
,,,2004-05-29,,,,,,,,,,,,,2004-05-29,False,5,True,2004,5
,,,2004-05-30,,,,,,,,,,,,,2004-05-30,False,6,True,2004,5
,,,2004-06-05,,,,,,,,,,,,,2004-06-05,False,5,True,2004,6
,,,2004-06-06,,,,,,,,,,,,,2004-06-06,False,6,True,2004,6
,,,2004-06-12,,,,,,,,,,,,,2004-06-12,False,5,True,2004,6
,,,2004-06-13,,,,,,,,,,,,,2004-06-13,False,6,True,2004,6
,,,2004-06-19,,,,,,,,,,,,,2004-06-19,False,5,True,2004,6
,,,2004-06-20,,,,,,,,,,,,,2004-06-20,False,6,True,2004,6
,,,2004-06-26,,,,,,,,,,,,,2004-06-26,False,5,True,2004,6
,,,2004-06-27,,,,,,,,,,,,,2004-06-27,False,6,True,2004,6
,,,2004-07-03,,,,,,,,,,,,,2004-07-03,False,5,True,2004,7
,,,2004-07-04,,,,,,,,,,,,,2004-07-04,False,6,True,2004,7
,,,2004-07-10,,,,,,,,,,,,,2004-07-10,False,5,True,2004,7
,,,2004-07-11,,,,,,,,,,,,,2004-07-11,False,6,True,2004,7
,,,2004-07-17,,,,,,,,,,,,,2004-07-17,False,5,True,2004,7
,,,2004-07-18,,,,,,,,,,,,,2004-07-18,False,6,True,2004,7
,,,2004-07-24,,,,,,,,,,,,,2004-07-24,False,5,True,2004,7
,,,2004-07-25,,,,,,,,,,,,,2004-07-25,False,6,True,2004,7
,,,2004-07-31,,,,,,,,,,,,,2004-07-31,False,5,True,2004,7
,,,2004-08-01,,,,,,,,,,,,,2004-08-01,False,6,True,2004,8
,,,2004-08-07,,,,,,,,,,,,,2004-08-07,False,5,True,2004,8
,,,2004-08-08,,,,,,,,,,,,,2004-08-08,False,6,True,2004,8
,,,2004-08-14,,,,,,,,,,,,,2004-08-14,False,5,True,2004,8
,,,2004-08-15,,,,,,,,,,,,,2004-08-15,False,6,True,2004,8
,,,2004-08-21,,,,,,,,,,,,,2004-08-21,False,5,True,2004,8
,,,2004-08-22,,,,,,,,,,,,,2004-08-22,False,6,True,2004,8
,,,2004-08-28,,,,,,,,,,,,,2004-08-28,False,5,True,2004,8
,,,2004-08-29,,,,,,,,,,,,,2004-08-29,False,6,True,2004,8
,,,2004-09-04,,,,,,,,,,,,,2004-09-04,False,5,True,2004,9
,,,2004-09-05,,,,,,,,,,,,,2004-09-05,False,6,True,2004,9
,,,2004-09-11,,,,,,,,,,,,,2004-09-11,False,5,True,2004,9
,,,2004-09-12,,,,,,,,,,,,,2004-09-12,False,6,True,2004,9
,,,2004-09-18,,,,,,,,,,,,,2004-09-18,False,5,True,2004,9
,,,2004-09-19,,,,,,,,,,,,,2004-09-19,False,6,True,2004,9
,,,2004-09-25,,,,,,,,,,,,,2004-09-25,False,5,True,2004,9
,,,2004-09-26,,,,,,,,,,,,,2004-09-26,False,6,True,2004,9
,,,2004-10-02,,,,,,,,,,,,,2004-10-02,False,5,True,2004,10
,,,2004-10-03,,,,,,,,,,,,,2004-10-03,False,6,True,2004,10
,,,2004-10-09,,,,,,,,,,,,,2004-10-09,False,5,True,2004,10
,,,2004-10-10,,,,,,,,,,,,,2004-10-10,False,6,True,2004,10
,,,2004-10-16,,,,,,,,,,,,,2004-10-16,False,5,True,2004,10
,,,2004-10-17,,,,,,,,,,,,,2004-10-17,False,6,True,2004,10
,,,2004-10-23,,,,,,,,,,,,,2004-10-23,False,5,True,2004,10
,,,2004-10-24,,,,,,,,,,,,,2004-10-24,False,6,True,2004,10
,,,2004-10-30,,,,,,,,,,,,,2004-10-30,False,5,True,2004,10
,,,2004-10-31,,,,,,,,,,,,,2004-10-31,False,6,True,2004,10
,,,2004-11-06,,,,,,,,,,,,,2004-11-06,False,5,True,2004,11
,,,2004-11-07,,,,,,,,,,,,,2004-11-07,False,6,True,2004,11
,,,2004-11-13,,,,,,,,,,,,,2004-11-13,False,5,True,2004,11
,,,2004-11-14,,,,,,,,,,,,,2004-11-14,False,6,True,2004,11
,,,2004-11-20,,,,,,,,,,,,,2004-11-20,False,5,True,2004,11
,,,2004-11-21,,,,,,,,,,,,,2004-11-21,False,6,True,2004,11
,,,2004-11-27,,,,,,,,,,,,,2004-11-27,False,5,True,2004,11
,,,2004-11-28,,,,,,,,,,,,,2004-11-28,False,6,True,2004,11
,,,2004-12-04,,,,,,,,,,,,,2004-12-04,False,5,True,2004,12
,,,2004-12-05,,,,,,,,,,,,,2004-12-05,False,6,True,2004,12
,,,2004-12-11,,,,,,,,,,,,,2004-12-11,False,5,True,2004,12
,,,2004-12-12,,,,,,,,,,,,,2004-12-12,False,6,True,2004,12
,,,2004-12-18,,,,,,,,,,,,,2004-12-18,False,5,True,2004,12
,,,2004-12-19,,,,,,,,,,,,,2004-12-19,False,6,True,2004,12
,,,2004-12-25,,,,,,,,,,,,,2004-12-25,False,5,True,2004,12
,,,2004-12-26,,,,,,,,,,,,,2004-12-26,False,6,True,2004,12
,,,2005-01-01,,,,,,,,,,,,,2005-01-01,False,5,True,2005,1
,,,2005-01-02,,,,,,,,,,,,,2005-01-02,False,6,True,2005,1
,,,2005-01-08,,,,,,,,,,,,,2005-01-08,False,5,True,2005,1
,,,2005-01-09,,,,,,,,,,,,,2005-01-09,False,6,True,2005,1
,,,2005-01-15,,,,,,,,,,,,,2005-01-15,False,5,True,2005,1
,,,2005-01-16,,,,,,,,,,,,,2005-01-16,False,6,True,2005,1
,,,2005-01-22,,,,,,,,,,,,,2005-01-22,False,5,True,2005,1
,,,2005-01-23,,,,,,,,,,,,,2005-01-23,False,6,True,2005,1
,,,2005-01-29,,,,,,,,,,,,,2005-01-29,False,5,True,2005,1
,,,2005-01-30,,,,,,,,,,,,,2005-01-30,False,6,True,2005,1
,,,2005-02-05,,,,,,,,,,,,,2005-02-05,False,5,True,2005,2
,,,2005-02-06,,,,,,,,,,,,,2005-02-06,False,6,True,2005,2
,,,2005-02-12,,,,,,,,,,,,,2005-02-12,False,5,True,2005,2
,,,2005-02-13,,,,,,,,,,,,,2005-02-13,False,6,True,2005,2
,,,2005-02-19,,,,,,,,,,,,,2005-02-19,False,5,True,2005,2
,,,2005-02-20,,,,,,,,,,,,,2005-02-20,False,6,True,2005,2
,,,2005-02-26,,,,,,,,,,,,,2005-02-26,False,5,True,2005,2
,,,2005-02-27,,,,,,,,,,,,,2005-02-27,False,6,True,2005,2
,,,2005-03-05,,,,,,,,,,,,,2005-03-05,False,5,True,2005,3
,,,2005-03-06,,,,,,,,,,,,,2005-03-06,False,6,True,2005,3
,,,2005-03-12,,,,,,,,,,,,,2005-03-12,False,5,True,2005,3
,,,2005-03-13,,,,,,,,,,,,,2005-03-13,False,6,True,2005,3
,,,2005-03-19,,,,,,,,,,,,,2005-03-19,False,5,True,2005,3
,,,2005-03-20,,,,,,,,,,,,,2005-03-20,False,6,True,2005,3
,,,2005-03-26,,,,,,,,,,,,,2005-03-26,False,5,True,2005,3
,,,2005-03-27,,,,,,,,,,,,,2005-03-27,False,6,True,2005,3
,,,2005-04-02,,,,,,,,,,,,,2005-04-02,False,5,True,2005,4
,,,2005-04-03,,,,,,,,,,,,,2005-04-03,False,6,True,2005,4
,,,2005-04-09,,,,,,,,,,,,,2005-04-09,False,5,True,2005,4
,,,2005-04-10,,,,,,,,,,,,,2005-04-10,False,6,True,2005,4
,,,2005-04-16,,,,,,,,,,,,,2005-04-16,False,5,True,2005,4
,,,2005-04-17,,,,,,,,,,,,,2005-04-17,False,6,True,2005,4
,,,2005-04-23,,,,,,,,,,,,,2005-04-23,False,5,True,2005,4
,,,2005-04-24,,,,,,,,,,,,,2005-04-24,False,6,True,2005,4
,,,2005-04-30,,,,,,,,,,,,,2005-04-30,False,5,True,2005,4
,,,2005-05-01,,,,,,,,,,,,,2005-05-01,False,6,True,2005,5
,,,2005-05-07,,,,,,,,,,,,,2005-05-07,False,5,True,2005,5
,,,2005-05-08,,,,,,,,,,,,,2005-05-08,False,6,True,2005,5
,,,2005-05-14,,,,,,,,,,,,,2005-05-14,False,5,True,2005,5
,,,2005-05-15,,,,,,,,,,,,,2005-05-15,False,6,True,2005,5
,,,2005-05-21,,,,,,,,,,,,,2005-05-21,False,5,True,2005,5
,,,2005-05-22,,,,,,,,,,,,,2005-05-22,False,6,True,2005,5
,,,2005-05-28,,,,,,,,,,,,,2005-05-28,False,5,True,2005,5
,,,2005-05-29,,,,,,,,,,,,,2005-05-29,False,6,True,2005,5
,,,2005-06-04,,,,,,,,,,,,,2005-06-04,False,5,True,2005,6
,,,2005-06-05,,,,,,,,,,,,,2005-06-05,False,6,True,2005,6
,,,2005-06-11,,,,,,,,,,,,,2005-06-11,False,5,True,2005,6
,,,2005-06-12,,,,,,,,,,,,,2005-06-12,False,6,True,2005,6
,,,2005-06-18,,,,,,,,,,,,,2005-06-18,False,5,True,2005,6
,,,2005-06-19,,,,,,,,,,,,,2005-06-19,False,6,True,2005,6
,,,2005-06-25,,,,,,,,,,,,,2005-06-25,False,5,True,2005,6
,,,2005-06-26,,,,,,,,,,,,,2005-06-26,False,6,True,2005,6
,,,2005-07-02,,,,,,,,,,,,,2005-07-02,False,5,True,2005,7
,,,2005-07-03,,,,,,,,,,,,,2005-07-03,False,6,True,2005,7
,,,2005-07-09,,,,,,,,,,,,,2005-07-09,False,5,True,2005,7
,,,2005-07-10,,,,,,,,,,,,,2005-07-10,False,6,True,2005,7
,,,2005-07-16,,,,,,,,,,,,,2005-07-16,False,5,True,2005,7
,,,2005-07-17,,,,,,,,,,,,,2005-07-17,False,6,True,2005,7
,,,2005-07-23,,,,,,,,,,,,,2005-07-23,False,5,True,2005,7
,,,2005-07-24,,,,,,,,,,,,,2005-07-24,False,6,True,2005,7
,,,2005-07-30,,,,,,,,,,,,,2005-07-30,False,5,True,2005,7
,,,2005-07-31,,,,,,,,,,,,,2005-07-31,False,6,True,2005,7
,,,2005-08-06,,,,,,,,,,,,,2005-08-06,False,5,True,2005,8
,,,2005-08-07,,,,,,,,,,,,,2005-08-07,False,6,True,2005,8
,,,2005-08-13,,,,,,,,,,,,,2005-08-13,False,5,True,2005,8
,,,2005-08-14,,,,,,,,,,,,,2005-08-14,False,6,True,2005,8
,,,2005-08-20,,,,,,,,,,,,,2005-08-20,False,5,True,2005,8
,,,2005-08-21,,,,,,,,,,,,,2005-08-21,False,6,True,2005,8
,,,2005-08-27,,,,,,,,,,,,,2005-08-27,False,5,True,2005,8
,,,2005-08-28,,,,,,,,,,,,,2005-08-28,False,6,True,2005,8
,,,2005-09-03,,,,,,,,,,,,,2005-09-03,False,5,True,2005,9
,,,2005-09-04,,,,,,,,,,,,,2005-09-04,False,6,True,2005,9
,,,2005-09-10,,,,,,,,,,,,,2005-09-10,False,5,True,2005,9
,,,2005-09-11,,,,,,,,,,,,,2005-09-11,False,6,True,2005,9
,,,2005-09-17,,,,,,,,,,,,,2005-09-17,False,5,True,2005,9
,,,2005-09-18,,,,,,,,,,,,,2005-09-18,False,6,True,2005,9
,,,2005-09-24,,,,,,,,,,,,,2005-09-24,False,5,True,2005,9
,,,2005-09-25,,,,,,,,,,,,,2005-09-25,False,6,True,2005,9
,,,2005-10-01,,,,,,,,,,,,,2005-10-01,False,5,True,2005,10
,,,2005-10-02,,,,,,,,,,,,,2005-10-02,False,6,True,2005,10
,,,2005-10-08,,,,,,,,,,,,,2005-10-08,False,5,True,2005,10
,,,2005-10-09,,,,,,,,,,,,,2005-10-09,False,6,True,2005,10
,,,2005-10-15,,,,,,,,,,,,,2005-10-15,False,5,True,2005,10
,,,2005-10-16,,,,,,,,,,,,,2005-10-16,False,6,True,2005,10
,,,2005-10-22,,,,,,,,,,,,,2005-10-22,False,5,True,2005,10
,,,2005-10-23,,,,,,,,,,,,,2005-10-23,False,6,True,2005,10
,,,2005-10-29,,,,,,,,,,,,,2005-10-29,False,5,True,2005,10
,,,2005-10-30,,,,,,,,,,,,,2005-10-30,False,6,True,2005,10
,,,2005-11-05,,,,,,,,,,,,,2005-11-05,False,5,True,2005,11
,,,2005-11-06,,,,,,,,,,,,,2005-11-06,False,6,True,2005,11
,,,2005-11-12,,,,,,,,,,,,,2005-11-12,False,5,True,2005,11
,,,2005-11-13,,,,,,,,,,,,,2005-11-13,False,6,True,2005,11
,,,2005-11-19,,,,,,,,,,,,,2005-11-19,False,5,True,2005,11
,,,2005-11-20,,,,,,,,,,,,,2005-11-20,False,6,True,2005,11
,,,2005-11-26,,,,,,,,,,,,,2005-11-26,False,5,True,2005,11
,,,2005-11-27,,,,,,,,,,,,,2005-11-27,False,6,True,2005,11
,,,2005-12-03,,,,,,,,,,,,,2005-12-03,False,5,True,2005,12
,,,2005-12-04,,,,,,,,,,,,,2005-12-04,False,6,True,2005,12
,,,2005-12-10,,,,,,,,,,,,,2005-12-10,False,5,True,2005,12
,,,2005-12-11,,,,,,,,,,,,,2005-12-11,False,6,True,2005,12
,,,2005-12-17,,,,,,,,,,,,,2005-12-17,False,5,True,2005,12
,,,2005-12-18,,,,,,,,,,,,,2005-12-18,False,6,True,2005,12
,,,2005-12-24,,,,,,,,,,,,,2005-12-24,False,5,True,2005,12
,,,2005-12-25,,,,,,,,,,,,,2005-12-25,False,6,True,2005,12
,,,2005-12-31,,,,,,,,,,,,,2005-12-31,False,5,True,2005,12
,,,2006-01-01,,,,,,,,,,,,,2006-01-01,False,6,True,2006,1
,,,2006-01-07,,,,,,,,,,,,,2006-01-07,False,5,True,2006,1
,,,2006-01-08,,,,,,,,,,,,,2006-01-08,False,6,True,2006,1
,,,2006-01-14,,,,,,,,,,,,,2006-01-14,False,5,True,2006,1
,,,2006-01-15,,,,,,,,,,,,,2006-01-15,False,6,True,2006,1
,,,2006-01-21,,,,,,,,,,,,,2006-01-21,False,5,True,2006,1
,,,2006-01-22,,,,,,,,,,,,,2006-01-22,False,6,True,2006,1
,,,2006-01-28,,,,,,,,,,,,,2006-01-28,False,5,True,2006,1
,,,2006-01-29,,,,,,,,,,,,,2006-01-29,False,6,True,2006,1
,,,2006-02-04,,,,,,,,,,,,,2006-02-04,False,5,True,2006,2
,,,2006-02-05,,,,,,,,,,,,,2006-02-05,False,6,True,2006,2
,,,2006-02-11,,,,,,,,,,,,,2006-02-11,False,5,True,2006,2
,,,2006-02-12,,,,,,,,,,,,,2006-02-12,False,6,True,2006,2
,,,2006-02-18,,,,,,,,,,,,,2006-02-18,False,5,True,2006,2
,,,2006-02-19,,,,,,,,,,,,,2006-02-19,False,6,True,2006,2
,,,2006-02-25,,,,,,,,,,,,,2006-02-25,False,5,True,2006,2
,,,2006-02-26,,,,,,,,,,,,,2006-02-26,False,6,True,2006,2
,,,2006-03-04,,,,,,,,,,,,,2006-03-04,False,5,True,2006,3
,,,2006-03-05,,,,,,,,,,,,,2006-03-05,False,6,True,2006,3
,,,2006-03-11,,,,,,,,,,,,,2006-03-11,False,5,True,2006,3
,,,2006-03-12,,,,,,,,,,,,,2006-03-12,False,6,True,2006,3
,,,2006-03-18,,,,,,,,,,,,,2006-03-18,False,5,True,2006,3
,,,2006-03-19,,,,,,,,,,,,,2006-03-19,False,6,True,2006,3
,,,2006-03-25,,,,,,,,,,,,,2006-03-25,False,5,True,2006,3
,,,2006-03-26,,,,,,,,,,,,,2006-03-26,False,6,True,2006,3
,,,2006-04-01,,,,,,,,,,,,,2006-04-01,False,5,True,2006,4
,,,2006-04-02,,,,,,,,,,,,,2006-04-02,False,6,True,2006,4
,,,2006-04-08,,,,,,,,,,,,,2006-04-08,False,5,True,2006,4
,,,2006-04-09,,,,,,,,,,,,,2006-04-09,False,6,True,2006,4
,,,2006-04-15,,,,,,,,,,,,,2006-04-15,False,5,True,2006,4
,,,2006-04-16,,,,,,,,,,,,,2006-04-16,False,6,True,2006,4
,,,2006-04-22,,,,,,,,,,,,,2006-04-22,False,5,True,2006,4
,,,2006-04-23,,,,,,,,,,,,,2006-04-23,False,6,True,2006,4
,,,2006-04-29,,,,,,,,,,,,,2006-04-29,False,5,True,2006,4
,,,2006-04-30,,,,,,,,,,,,,2006-04-30,False,6,True,2006,4
,,,2006-05-06,,,,,,,,,,,,,2006-05-06,False,5,True,2006,5
,,,2006-05-07,,,,,,,,,,,,,2006-05-07,False,6,True,2006,5
,,,2006-05-13,,,,,,,,,,,,,2006-05-13,False,5,True,2006,5
,,,2006-05-14,,,,,,,,,,,,,2006-05-14,False,6,True,2006,5
,,,2006-05-20,,,,,,,,,,,,,2006-05-20,False,5,True,2006,5
,,,2006-05-21,,,,,,,,,,,,,2006-05-21,False,6,True,2006,5
,,,2006-05-27,,,,,,,,,,,,,2006-05-27,False,5,True,2006,5
,,,2006-05-28,,,,,,,,,,,,,2006-05-28,False,6,True,2006,5
,,,2006-06-03,,,,,,,,,,,,,2006-06-03,False,5,True,2006,6
,,,2006-06-04,,,,,,,,,,,,,2006-06-04,False,6,True,2006,6
,,,2006-06-10,,,,,,,,,,,,,2006-06-10,False,5,True,2006,6
,,,2006-06-11,,,,,,,,,,,,,2006-06-11,False,6,True,2006,6
,,,2006-06-17,,,,,,,,,,,,,2006-06-17,False,5,True,2006,6
,,,2006-06-18,,,,,,,,,,,,,2006-06-18,False,6,True,2006,6
,,,2006-06-24,,,,,,,,,,,,,2006-06-24,False,5,True,2006,6
,,,2006-06-25,,,,,,,,,,,,,2006-06-25,False,6,True,2006,6
,,,2006-07-01,,,,,,,,,,,,,2006-07-01,False,5,True,2006,7
,,,2006-07-02,,,,,,,,,,,,,2006-07-02,False,6,True,2006,7
,,,2006-07-08,,,,,,,,,,,,,2006-07-08,False,5,True,2006,7
,,,2006-07-09,,,,,,,,,,,,,2006-07-09,False,6,True,2006,7
,,,2006-07-15,,,,,,,,,,,,,2006-07-15,False,5,True,2006,7
,,,2006-07-16,,,,,,,,,,,,,2006-07-16,False,6,True,2006,7
,,,2006-07-22,,,,,,,,,,,,,2006-07-22,False,5,True,2006,7
,,,2006-07-23,,,,,,,,,,,,,2006-07-23,False,6,True,2006,7
,,,2006-07-29,,,,,,,,,,,,,2006-07-29,False,5,True,2006,7
,,,2006-07-30,,,,,,,,,,,,,2006-07-30,False,6,True,2006,7
,,,2006-08-05,,,,,,,,,,,,,2006-08-05,False,5,True,2006,8
,,,2006-08-06,,,,,,,,,,,,,2006-08-06,False,6,True,2006,8
,,,2006-08-12,,,,,,,,,,,,,2006-08-12,False,5,True,2006,8
,,,2006-08-13,,,,,,,,,,,,,2006-08-13,False,6,True,2006,8
,,,2006-08-19,,,,,,,,,,,,,2006-08-19,False,5,True,2006,8
,,,2006-08-20,,,,,,,,,,,,,2006-08-20,False,6,True,2006,8
,,,2006-08-26,,,,,,,,,,,,,2006-08-26,False,5,True,2006,8
,,,2006-08-27,,,,,,,,,,,,,2006-08-27,False,6,True,2006,8
,,,2006-09-02,,,,,,,,,,,,,2006-09-02,False,5,True,2006,9
,,,2006-09-03,,,,,,,,,,,,,2006-09-03,False,6,True,2006,9
,,,2006-09-09,,,,,,,,,,,,,2006-09-09,False,5,True,2006,9
,,,2006-09-10,,,,,,,,,,,,,2006-09-10,False,6,True,2006,9
,,,2006-09-16,,,,,,,,,,,,,2006-09-16,False,5,True,2006,9
,,,2006-09-17,,,,,,,,,,,,,2006-09-17,False,6,True,2006,9
,,,2006-09-23,,,,,,,,,,,,,2006-09-23,False,5,True,2006,9
,,,2006-09-24,,,,,,,,,,,,,2006-09-24,False,6,True,2006,9
,,,2006-09-30,,,,,,,,,,,,,2006-09-30,False,5,True,2006,9
,,,2006-10-01,,,,,,,,,,,,,2006-10-01,False,6,True,2006,10
,,,2006-10-07,,,,,,,,,,,,,2006-10-07,False,5,True,2006,10
,,,2006-10-08,,,,,,,,,,,,,2006-10-08,False,6,True,2006,10
,,,2006-10-14,,,,,,,,,,,,,2006-10-14,False,5,True,2006,10
,,,2006-10-15,,,,,,,,,,,,,2006-10-15,False,6,True,2006,10
,,,2006-10-21,,,,,,,,,,,,,2006-10-21,False,5,True,2006,10
,,,2006-10-22,,,,,,,,,,,,,2006-10-22,False,6,True,2006,10
,,,2006-10-28,,,,,,,,,,,,,2006-10-28,False,5,True,2006,10
,,,2006-10-29,,,,,,,,,,,,,2006-10-29,False,6,True,2006,10
,,,2006-11-04,,,,,,,,,,,,,2006-11-04,False,5,True,2006,11
,,,2006-11-05,,,,,,,,,,,,,2006-11-05,False,6,True,2006,11
,,,2006-11-11,,,,,,,,,,,,,2006-11-11,False,5,True,2006,11
,,,2006-11-12,,,,,,,,,,,,,2006-11-12,False,6,True,2006,11
,,,2006-11-18,,,,,,,,,,,,,2006-11-18,False,5,True,2006,11
,,,2006-11-19,,,,,,,,,,,,,2006-11-19,False,6,True,2006,11
,,,2006-11-25,,,,,,,,,,,,,2006-11-25,False,5,True,2006,11
,,,2006-11-26,,,,,,,,,,,,,2006-11-26,False,6,True,2006,11
,,,2006-12-02,,,,,,,,,,,,,2006-12-02,False,5,True,2006,12
,,,2006-12-03,,,,,,,,,,,,,2006-12-03,False,6,True,2006,12
,,,2006-12-09,,,,,,,,,,,,,2006-12-09,False,5,True,2006,12
,,,2006-12-10,,,,,,,,,,,,,2006-12-10,False,6,True,2006,12
,,,2006-12-16,,,,,,,,,,,,,2006-12-16,False,5,True,2006,12
,,,2006-12-17,,,,,,,,,,,,,2006-12-17,False,6,True,2006,12
,,,2006-12-23,,,,,,,,,,,,,2006-12-23,False,5,True,2006,12
,,,2006-12-24,,,,,,,,,,,,,2006-12-24,False,6,True,2006,12
,,,2006-12-30,,,,,,,,,,,,,2006-12-30,False,5,True,2006,12
,,,2006-12-31,,,,,,,,,,,,,2006-12-31,False,6,True,2006,12
,,,2007-01-06,,,,,,,,,,,,,2007-01-06,False,5,True,2007,1
,,,2007-01-07,,,,,,,,,,,,,2007-01-07,False,6,True,2007,1
,,,2007-01-13,,,,,,,,,,,,,2007-01-13,False,5,True,2007,1
,,,2007-01-14,,,,,,,,,,,,,2007-01-14,False,6,True,2007,1
,,,2007-01-20,,,,,,,,,,,,,2007-01-20,False,5,True,2007,1
,,,2007-01-21,,,,,,,,,,,,,2007-01-21,False,6,True,2007,1
,,,2007-01-27,,,,,,,,,,,,,2007-01-27,False,5,True,2007,1
,,,2007-01-28,,,,,,,,,,,,,2007-01-28,False,6,True,2007,1
,,,2007-02-03,,,,,,,,,,,,,2007-02-03,False,5,True,2007,2
,,,2007-02-04,,,,,,,,,,,,,2007-02-04,False,6,True,2007,2
,,,2007-02-10,,,,,,,,,,,,,2007-02-10,False,5,True,2007,2
,,,2007-02-11,,,,,,,,,,,,,2007-02-11,False,6,True,2007,2
,,,2007-02-17,,,,,,,,,,,,,2007-02-17,False,5,True,2007,2
,,,2007-02-18,,,,,,,,,,,,,2007-02-18,False,6,True,2007,2
,,,2007-02-24,,,,,,,,,,,,,2007-02-24,False,5,True,2007,2
,,,2007-02-25,,,,,,,,,,,,,2007-02-25,False,6,True,2007,2
,,,2007-03-03,,,,,,,,,,,,,2007-03-03,False,5,True,2007,3
,,,2007-03-04,,,,,,,,,,,,,2007-03-04,False,6,True,2007,3
,,,2007-03-10,,,,,,,,,,,,,2007-03-10,False,5,True,2007,3
,,,2007-03-11,,,,,,,,,,,,,2007-03-11,False,6,True,2007,3
,,,2007-03-17,,,,,,,,,,,,,2007-03-17,False,5,True,2007,3
,,,2007-03-18,,,,,,,,,,,,,2007-03-18,False,6,True,2007,3
,,,2007-03-24,,,,,,,,,,,,,2007-03-24,False,5,True,2007,3
,,,2007-03-25,,,,,,,,,,,,,2007-03-25,False,6,True,2007,3
,,,2007-03-31,,,,,,,,,,,,,2007-03-31,False,5,True,2007,3
,,,2007-04-01,,,,,,,,,,,,,2007-04-01,False,6,True,2007,4
,,,2007-04-07,,,,,,,,,,,,,2007-04-07,False,5,True,2007,4
,,,2007-04-08,,,,,,,,,,,,,2007-04-08,False,6,True,2007,4
,,,2007-04-14,,,,,,,,,,,,,2007-04-14,False,5,True,2007,4
,,,2007-04-15,,,,,,,,,,,,,2007-04-15,False,6,True,2007,4
,,,2007-04-21,,,,,,,,,,,,,2007-04-21,False,5,True,2007,4
,,,2007-04-22,,,,,,,,,,,,,2007-04-22,False,6,True,2007,4
,,,2007-04-28,,,,,,,,,,,,,2007-04-28,False,5,True,2007,4
,,,2007-04-29,,,,,,,,,,,,,2007-04-29,False,6,True,2007,4
,,,2007-05-05,,,,,,,,,,,,,2007-05-05,False,5,True,2007,5
,,,2007-05-06,,,,,,,,,,,,,2007-05-06,False,6,True,2007,5
,,,2007-05-12,,,,,,,,,,,,,2007-05-12,False,5,True,2007,5
,,,2007-05-13,,,,,,,,,,,,,2007-05-13,False,6,True,2007,5
,,,2007-05-19,,,,,,,,,,,,,2007-05-19,False,5,True,2007,5
,,,2007-05-20,,,,,,,,,,,,,2007-05-20,False,6,True,2007,5
,,,2007-05-26,,,,,,,,,,,,,2007-05-26,False,5,True,2007,5
,,,2007-05-27,,,,,,,,,,,,,2007-05-27,False,6,True,2007,5
,,,2007-06-02,,,,,,,,,,,,,2007-06-02,False,5,True,2007,6
,,,2007-06-03,,,,,,,,,,,,,2007-06-03,False,6,True,2007,6
,,,2007-06-09,,,,,,,,,,,,,2007-06-09,False,5,True,2007,6
,,,2007-06-10,,,,,,,,,,,,,2007-06-10,False,6,True,2007,6
,,,2007-06-16,,,,,,,,,,,,,2007-06-16,False,5,True,2007,6
,,,2007-06-17,,,,,,,,,,,,,2007-06-17,False,6,True,2007,6
,,,2007-06-23,,,,,,,,,,,,,2007-06-23,False,5,True,2007,6
,,,2007-06-24,,,,,,,,,,,,,2007-06-24,False,6,True,2007,6
,,,2007-06-30,,,,,,,,,,,,,2007-06-30,False,5,True,2007,6
,,,2007-07-01,,,,,,,,,,,,,2007-07-01,False,6,True,2007,7
,,,2007-07-07,,,,,,,,,,,,,2007-07-07,False,5,True,2007,7
,,,2007-07-08,,,,,,,,,,,,,2007-07-08,False,6,True,2007,7
,,,2007-07-14,,,,,,,,,,,,,2007-07-14,False,5,True,2007,7
,,,2007-07-15,,,,,,,,,,,,,2007-07-15,False,6,True,2007,7
,,,2007-07-21,,,,,,,,,,,,,2007-07-21,False,5,True,2007,7
,,,2007-07-22,,,,,,,,,,,,,2007-07-22,False,6,True,2007,7
,,,2007-07-28,,,,,,,,,,,,,2007-07-28,False,5,True,2007,7
,,,2007-07-29,,,,,,,,,,,,,2007-07-29,False,6,True,2007,7
,,,2007-08-04,,,,,,,,,,,,,2007-08-04,False,5,True,2007,8
,,,2007-08-05,,,,,,,,,,,,,2007-08-05,False,6,True,2007,8
,,,2007-08-11,,,,,,,,,,,,,2007-08-11,False,5,True,2007,8
,,,2007-08-12,,,,,,,,,,,,,2007-08-12,False,6,True,2007,8
,,,2007-08-18,,,,,,,,,,,,,2007-08-18,False,5,True,2007,8
,,,2007-08-19,,,,,,,,,,,,,2007-08-19,False,6,True,2007,8
,,,2007-08-25,,,,,,,,,,,,,2007-08-25,False,5,True,2007,8
,,,2007-08-26,,,,,,,,,,,,,2007-08-26,False,6,True,2007,8
,,,2007-09-01,,,,,,,,,,,,,2007-09-01,False,5,True,2007,9
,,,2007-09-02,,,,,,,,,,,,,2007-09-02,False,6,True,2007,9
,,,2007-09-08,,,,,,,,,,,,,2007-09-08,False,5,True,2007,9
,,,2007-09-09,,,,,,,,,,,,,2007-09-09,False,6,True,2007,9
,,,2007-09-15,,,,,,,,,,,,,2007-09-15,False,5,True,2007,9
,,,2007-09-16,,,,,,,,,,,,,2007-09-16,False,6,True,2007,9
,,,2007-09-22,,,,,,,,,,,,,2007-09-22,False,5,True,2007,9
,,,2007-09-23,,,,,,,,,,,,,2007-09-23,False,6,True,2007,9
,,,2007-09-29,,,,,,,,,,,,,2007-09-29,False,5,True,2007,9
,,,2007-09-30,,,,,,,,,,,,,2007-09-30,False,6,True,2007,9
,,,2007-10-06,,,,,,,,,,,,,2007-10-06,False,5,True,2007,10
,,,2007-10-07,,,,,,,,,,,,,2007-10-07,False,6,True,2007,10
,,,2007-10-13,,,,,,,,,,,,,2007-10-13,False,5,True,2007,10
,,,2007-10-14,,,,,,,,,,,,,2007-10-14,False,6,True,2007,10
,,,2007-10-20,,,,,,,,,,,,,2007-10-20,False,5,True,2007,10
,,,2007-10-21,,,,,,,,,,,,,2007-10-21,False,6,True,2007,10
,,,2007-10-27,,,,,,,,,,,,,2007-10-27,False,5,True,2007,10
,,,2007-10-28,,,,,,,,,,,,,2007-10-28,False,6,True,2007,10
,,,2007-11-03,,,,,,,,,,,,,2007-11-03,False,5,True,2007,11
,,,2007-11-04,,,,,,,,,,,,,2007-11-04,False,6,True,2007,11
,,,2007-11-10,,,,,,,,,,,,,2007-11-10,False,5,True,2007,11
,,,2007-11-11,,,,,,,,,,,,,2007-11-11,False,6,True,2007,11
,,,2007-11-17,,,,,,,,,,,,,2007-11-17,False,5,True,2007,11
,,,2007-11-18,,,,,,,,,,,,,2007-11-18,False,6,True,2007,11
,,,2007-11-24,,,,,,,,,,,,,2007-11-24,False,5,True,2007,11
,,,2007-11-25,,,,,,,,,,,,,2007-11-25,False,6,True,2007,11
,,,2007-12-01,,,,,,,,,,,,,2007-12-01,False,5,True,2007,12
,,,2007-12-02,,,,,,,,,,,,,2007-12-02,False,6,True,2007,12
,,,2007-12-08,,,,,,,,,,,,,2007-12-08,False,5,True,2007,12
,,,2007-12-09,,,,,,,,,,,,,2007-12-09,False,6,True,2007,12
,,,2007-12-15,,,,,,,,,,,,,2007-12-15,False,5,True,2007,12
,,,2007-12-16,,,,,,,,,,,,,2007-12-16,False,6,True,2007,12
,,,2007-12-22,,,,,,,,,,,,,2007-12-22,False,5,True,2007,12
,,,2007-12-23,,,,,,,,,,,,,2007-12-23,False,6,True,2007,12
,,,2007-12-29,,,,,,,,,,,,,2007-12-29,False,5,True,2007,12
,,,2007-12-30,,,,,,,,,,,,,2007-12-30,False,6,True,2007,12
,,,2008-01-05,,,,,,,,,,,,,2008-01-05,False,5,True,2008,1
,,,2008-01-06,,,,,,,,,,,,,2008-01-06,False,6,True,2008,1
,,,2008-01-12,,,,,,,,,,,,,2008-01-12,False,5,True,2008,1
,,,2008-01-13,,,,,,,,,,,,,2008-01-13,False,6,True,2008,1
,,,2008-01-19,,,,,,,,,,,,,2008-01-19,False,5,True,2008,1
,,,2008-01-20,,,,,,,,,,,,,2008-01-20,False,6,True,2008,1
,,,2008-01-26,,,,,,,,,,,,,2008-01-26,False,5,True,2008,1
,,,2008-01-27,,,,,,,,,,,,,2008-01-27,False,6,True,2008,1
,,,2008-02-02,,,,,,,,,,,,,2008-02-02,False,5,True,2008,2
,,,2008-02-03,,,,,,,,,,,,,2008-02-03,False,6,True,2008,2
,,,2008-02-09,,,,,,,,,,,,,2008-02-09,False,5,True,2008,2
,,,2008-02-10,,,,,,,,,,,,,2008-02-10,False,6,True,2008,2
,,,2008-02-16,,,,,,,,,,,,,2008-02-16,False,5,True,2008,2
,,,2008-02-17,,,,,,,,,,,,,2008-02-17,False,6,True,2008,2
,,,2008-02-23,,,,,,,,,,,,,2008-02-23,False,5,True,2008,2
,,,2008-02-24,,,,,,,,,,,,,2008-02-24,False,6,True,2008,2
,,,2008-03-01,,,,,,,,,,,,,2008-03-01,False,5,True,2008,3
,,,2008-03-02,,,,,,,,,,,,,2008-03-02,False,6,True,2008,3
,,,2008-03-08,,,,,,,,,,,,,2008-03-08,False,5,True,2008,3
,,,2008-03-09,,,,,,,,,,,,,2008-03-09,False,6,True,2008,3
,,,2008-03-15,,,,,,,,,,,,,2008-03-15,False,5,True,2008,3
,,,2008-03-16,,,,,,,,,,,,,2008-03-16,False,6,True,2008,3
,,,2008-03-22,,,,,,,,,,,,,2008-03-22,False,5,True,2008,3
,,,2008-03-23,,,,,,,,,,,,,2008-03-23,False,6,True,2008,3
,,,2008-03-29,,,,,,,,,,,,,2008-03-29,False,5,True,2008,3
,,,2008-03-30,,,,,,,,,,,,,2008-03-30,False,6,True,2008,3
,,,2008-04-05,,,,,,,,,,,,,2008-04-05,False,5,True,2008,4
,,,2008-04-06,,,,,,,,,,,,,2008-04-06,False,6,True,2008,4
,,,2008-04-12,,,,,,,,,,,,,2008-04-12,False,5,True,2008,4
,,,2008-04-13,,,,,,,,,,,,,2008-04-13,False,6,True,2008,4
,,,2008-04-19,,,,,,,,,,,,,2008-04-19,False,5,True,2008,4
,,,2008-04-20,,,,,,,,,,,,,2008-04-20,False,6,True,2008,4
,,,2008-04-26,,,,,,,,,,,,,2008-04-26,False,5,True,2008,4
,,,2008-04-27,,,,,,,,,,,,,2008-04-27,False,6,True,2008,4
,,,2008-05-03,,,,,,,,,,,,,2008-05-03,False,5,True,2008,5
,,,2008-05-04,,,,,,,,,,,,,2008-05-04,False,6,True,2008,5
,,,2008-05-10,,,,,,,,,,,,,2008-05-10,False,5,True,2008,5
,,,2008-05-11,,,,,,,,,,,,,2008-05-11,False,6,True,2008,5
,,,2008-05-17,,,,,,,,,,,,,2008-05-17,False,5,True,2008,5
,,,2008-05-18,,,,,,,,,,,,,2008-05-18,False,6,True,2008,5
,,,2008-05-24,,,,,,,,,,,,,2008-05-24,False,5,True,2008,5
,,,2008-05-25,,,,,,,,,,,,,2008-05-25,False,6,True,2008,5
,,,2008-05-31,,,,,,,,,,,,,2008-05-31,False,5,True,2008,5
,,,2008-06-01,,,,,,,,,,,,,2008-06-01,False,6,True,2008,6
,,,2008-06-07,,,,,,,,,,,,,2008-06-07,False,5,True,2008,6
,,,2008-06-08,,,,,,,,,,,,,2008-06-08,False,6,True,2008,6
,,,2008-06-14,,,,,,,,,,,,,2008-06-14,False,5,True,2008,6
,,,2008-06-15,,,,,,,,,,,,,2008-06-15,False,6,True,2008,6
,,,2008-06-21,,,,,,,,,,,,,2008-06-21,False,5,True,2008,6
,,,2008-06-22,,,,,,,,,,,,,2008-06-22,False,6,True,2008,6
,,,2008-06-28,,,,,,,,,,,,,2008-06-28,False,5,True,2008,6
,,,2008-06-29,,,,,,,,,,,,,2008-06-29,False,6,True,2008,6
,,,2008-07-05,,,,,,,,,,,,,2008-07-05,False,5,True,2008,7
,,,2008-07-06,,,,,,,,,,,,,2008-07-06,False,6,True,2008,7
,,,2008-07-12,,,,,,,,,,,,,2008-07-12,False,5,True,2008,7
,,,2008-07-13,,,,,,,,,,,,,2008-07-13,False,6,True,2008,7
,,,2008-07-19,,,,,,,,,,,,,2008-07-19,False,5,True,2008,7
,,,2008-07-20,,,,,,,,,,,,,2008-07-20,False,6,True,2008,7
,,,2008-07-26,,,,,,,,,,,,,2008-07-26,False,5,True,2008,7
,,,2008-07-27,,,,,,,,,,,,,2008-07-27,False,6,True,2008,7
,,,2008-08-02,,,,,,,,,,,,,2008-08-02,False,5,True,2008,8
,,,2008-08-03,,,,,,,,,,,,,2008-08-03,False,6,True,2008,8
,,,2008-08-09,,,,,,,,,,,,,2008-08-09,False,5,True,2008,8
,,,2008-08-10,,,,,,,,,,,,,2008-08-10,False,6,True,2008,8
,,,2008-08-16,,,,,,,,,,,,,2008-08-16,False,5,True,2008,8
,,,2008-08-17,,,,,,,,,,,,,2008-08-17,False,6,True,2008,8
,,,2008-08-23,,,,,,,,,,,,,2008-08-23,False,5,True,2008,8
,,,2008-08-24,,,,,,,,,,,,,2008-08-24,False,6,True,2008,8
,,,2008-08-30,,,,,,,,,,,,,2008-08-30,False,5,True,2008,8
,,,2008-08-31,,,,,,,,,,,,,2008-08-31,False,6,True,2008,8
,,,2008-09-06,,,,,,,,,,,,,2008-09-06,False,5,True,2008,9
,,,2008-09-07,,,,,,,,,,,,,2008-09-07,False,6,True,2008,9
,,,2008-09-13,,,,,,,,,,,,,2008-09-13,False,5,True,2008,9
,,,2008-09-14,,,,,,,,,,,,,2008-09-14,False,6,True,2008,9
,,,2008-09-20,,,,,,,,,,,,,2008-09-20,False,5,True,2008,9
,,,2008-09-21,,,,,,,,,,,,,2008-09-21,False,6,True,2008,9
,,,2008-09-27,,,,,,,,,,,,,2008-09-27,False,5,True,2008,9
,,,2008-09-28,,,,,,,,,,,,,2008-09-28,False,6,True,2008,9
,,,2008-10-04,,,,,,,,,,,,,2008-10-04,False,5,True,2008,10
,,,2008-10-05,,,,,,,,,,,,,2008-10-05,False,6,True,2008,10
,,,2008-10-11,,,,,,,,,,,,,2008-10-11,False,5,True,2008,10
,,,2008-10-12,,,,,,,,,,,,,2008-10-12,False,6,True,2008,10
,,,2008-10-18,,,,,,,,,,,,,2008-10-18,False,5,True,2008,10
,,,2008-10-19,,,,,,,,,,,,,2008-10-19,False,6,True,2008,10
,,,2008-10-25,,,,,,,,,,,,,2008-10-25,False,5,True,2008,10
,,,2008-10-26,,,,,,,,,,,,,2008-10-26,False,6,True,2008,10
,,,2008-11-01,,,,,,,,,,,,,2008-11-01,False,5,True,2008,11
,,,2008-11-02,,,,,,,,,,,,,2008-11-02,False,6,True,2008,11
,,,2008-11-08,,,,,,,,,,,,,2008-11-08,False,5,True,2008,11
,,,2008-11-09,,,,,,,,,,,,,2008-11-09,False,6,True,2008,11
,,,2008-11-15,,,,,,,,,,,,,2008-11-15,False,5,True,2008,11
,,,2008-11-16,,,,,,,,,,,,,2008-11-16,False,6,True,2008,11
,,,2008-11-22,,,,,,,,,,,,,2008-11-22,False,5,True,2008,11
,,,2008-11-23,,,,,,,,,,,,,2008-11-23,False,6,True,2008,11
,,,2008-11-29,,,,,,,,,,,,,2008-11-29,False,5,True,2008,11
,,,2008-11-30,,,,,,,,,,,,,2008-11-30,False,6,True,2008,11
,,,2008-12-06,,,,,,,,,,,,,2008-12-06,False,5,True,2008,12
,,,2008-12-07,,,,,,,,,,,,,2008-12-07,False,6,True,2008,12
,,,2008-12-13,,,,,,,,,,,,,2008-12-13,False,5,True,2008,12
,,,2008-12-14,,,,,,,,,,,,,2008-12-14,False,6,True,2008,12
,,,2008-12-20,,,,,,,,,,,,,2008-12-20,False,5,True,2008,12
,,,2008-12-21,,,,,,,,,,,,,2008-12-21,False,6,True,2008,12
,,,2008-12-27,,,,,,,,,,,,,2008-12-27,False,5,True,2008,12
,,,2008-12-28,,,,,,,,,,,,,2008-12-28,False,6,True,2008,12
,,,2009-01-03,,,,,,,,,,,,,2009-01-03,False,5,True,2009,1
,,,2009-01-04,,,,,,,,,,,,,2009-01-04,False,6,True,2009,1
,,,2009-01-10,,,,,,,,,,,,,2009-01-10,False,5,True,2009,1
,,,2009-01-11,,,,,,,,,,,,,2009-01-11,False,6,True,2009,1
,,,2009-01-17,,,,,,,,,,,,,2009-01-17,False,5,True,2009,1
,,,2009-01-18,,,,,,,,,,,,,2009-01-18,False,6,True,2009,1
,,,2009-01-24,,,,,,,,,,,,,2009-01-24,False,5,True,2009,1
,,,2009-01-25,,,,,,,,,,,,,2009-01-25,False,6,True,2009,1
,,,2009-01-31,,,,,,,,,,,,,2009-01-31,False,5,True,2009,1
,,,2009-02-01,,,,,,,,,,,,,2009-02-01,False,6,True,2009,2
,,,2009-02-07,,,,,,,,,,,,,2009-02-07,False,5,True,2009,2
,,,2009-02-08,,,,,,,,,,,,,2009-02-08,False,6,True,2009,2
,,,2009-02-14,,,,,,,,,,,,,2009-02-14,False,5,True,2009,2
,,,2009-02-15,,,,,,,,,,,,,2009-02-15,False,6,True,2009,2
,,,2009-02-21,,,,,,,,,,,,,2009-02-21,False,5,True,2009,2
,,,2009-02-22,,,,,,,,,,,,,2009-02-22,False,6,True,2009,2
,,,2009-02-28,,,,,,,,,,,,,2009-02-28,False,5,True,2009,2
,,,2009-03-01,,,,,,,,,,,,,2009-03-01,False,6,True,2009,3
,,,2009-03-07,,,,,,,,,,,,,2009-03-07,False,5,True,2009,3
,,,2009-03-08,,,,,,,,,,,,,2009-03-08,False,6,True,2009,3
,,,2009-03-14,,,,,,,,,,,,,2009-03-14,False,5,True,2009,3
,,,2009-03-15,,,,,,,,,,,,,2009-03-15,False,6,True,2009,3
,,,2009-03-21,,,,,,,,,,,,,2009-03-21,False,5,True,2009,3
,,,2009-03-22,,,,,,,,,,,,,2009-03-22,False,6,True,2009,3
,,,2009-03-28,,,,,,,,,,,,,2009-03-28,False,5,True,2009,3
,,,2009-03-29,,,,,,,,,,,,,2009-03-29,False,6,True,2009,3
,,,2009-04-04,,,,,,,,,,,,,2009-04-04,False,5,True,2009,4
,,,2009-04-05,,,,,,,,,,,,,2009-04-05,False,6,True,2009,4
,,,2009-04-11,,,,,,,,,,,,,2009-04-11,False,5,True,2009,4
,,,2009-04-12,,,,,,,,,,,,,2009-04-12,False,6,True,2009,4
,,,2009-04-18,,,,,,,,,,,,,2009-04-18,False,5,True,2009,4
,,,2009-04-19,,,,,,,,,,,,,2009-04-19,False,6,True,2009,4
,,,2009-04-25,,,,,,,,,,,,,2009-04-25,False,5,True,2009,4
,,,2009-04-26,,,,,,,,,,,,,2009-04-26,False,6,True,2009,4
,,,2009-05-02,,,,,,,,,,,,,2009-05-02,False,5,True,2009,5
,,,2009-05-03,,,,,,,,,,,,,2009-05-03,False,6,True,2009,5
,,,2009-05-09,,,,,,,,,,,,,2009-05-09,False,5,True,2009,5
,,,2009-05-10,,,,,,,,,,,,,2009-05-10,False,6,True,2009,5
,,,2009-05-16,,,,,,,,,,,,,2009-05-16,False,5,True,2009,5
,,,2009-05-17,,,,,,,,,,,,,2009-05-17,False,6,True,2009,5
,,,2009-05-23,,,,,,,,,,,,,2009-05-23,False,5,True,2009,5
,,,2009-05-24,,,,,,,,,,,,,2009-05-24,False,6,True,2009,5
,,,2009-05-30,,,,,,,,,,,,,2009-05-30,False,5,True,2009,5
,,,2009-05-31,,,,,,,,,,,,,2009-05-31,False,6,True,2009,5
,,,2009-06-06,,,,,,,,,,,,,2009-06-06,False,5,True,2009,6
,,,2009-06-07,,,,,,,,,,,,,2009-06-07,False,6,True,2009,6
,,,2009-06-13,,,,,,,,,,,,,2009-06-13,False,5,True,2009,6
,,,2009-06-14,,,,,,,,,,,,,2009-06-14,False,6,True,2009,6
,,,2009-06-20,,,,,,,,,,,,,2009-06-20,False,5,True,2009,6
,,,2009-06-21,,,,,,,,,,,,,2009-06-21,False,6,True,2009,6
,,,2009-06-27,,,,,,,,,,,,,2009-06-27,False,5,True,2009,6
,,,2009-06-28,,,,,,,,,,,,,2009-06-28,False,6,True,2009,6
,,,2009-07-04,,,,,,,,,,,,,2009-07-04,False,5,True,2009,7
,,,2009-07-05,,,,,,,,,,,,,2009-07-05,False,6,True,2009,7
,,,2009-07-11,,,,,,,,,,,,,2009-07-11,False,5,True,2009,7
,,,2009-07-12,,,,,,,,,,,,,2009-07-12,False,6,True,2009,7
,,,2009-07-18,,,,,,,,,,,,,2009-07-18,False,5,True,2009,7
,,,2009-07-19,,,,,,,,,,,,,2009-07-19,False,6,True,2009,7
,,,2009-07-25,,,,,,,,,,,,,2009-07-25,False,5,True,2009,7
,,,2009-07-26,,,,,,,,,,,,,2009-07-26,False,6,True,2009,7
,,,2009-08-01,,,,,,,,,,,,,2009-08-01,False,5,True,2009,8
,,,2009-08-02,,,,,,,,,,,,,2009-08-02,False,6,True,2009,8
,,,2009-08-08,,,,,,,,,,,,,2009-08-08,False,5,True,2009,8
,,,2009-08-09,,,,,,,,,,,,,2009-08-09,False,6,True,2009,8
,,,2009-08-15,,,,,,,,,,,,,2009-08-15,False,5,True,2009,8
,,,2009-08-16,,,,,,,,,,,,,2009-08-16,False,6,True,2009,8
,,,2009-08-22,,,,,,,,,,,,,2009-08-22,False,5,True,2009,8
,,,2009-08-23,,,,,,,,,,,,,2009-08-23,False,6,True,2009,8
,,,2009-08-29,,,,,,,,,,,,,2009-08-29,False,5,True,2009,8
,,,2009-08-30,,,,,,,,,,,,,2009-08-30,False,6,True,2009,8
,,,2009-09-05,,,,,,,,,,,,,2009-09-05,False,5,True,2009,9
,,,2009-09-06,,,,,,,,,,,,,2009-09-06,False,6,True,2009,9
,,,2009-09-12,,,,,,,,,,,,,2009-09-12,False,5,True,2009,9
,,,2009-09-13,,,,,,,,,,,,,2009-09-13,False,6,True,2009,9
,,,2009-09-19,,,,,,,,,,,,,2009-09-19,False,5,True,2009,9
,,,2009-09-20,,,,,,,,,,,,,2009-09-20,False,6,True,2009,9
,,,2009-09-26,,,,,,,,,,,,,2009-09-26,False,5,True,2009,9
,,,2009-09-27,,,,,,,,,,,,,2009-09-27,False,6,True,2009,9
,,,2009-10-03,,,,,,,,,,,,,2009-10-03,False,5,True,2009,10
,,,2009-10-04,,,,,,,,,,,,,2009-10-04,False,6,True,2009,10
,,,2009-10-10,,,,,,,,,,,,,2009-10-10,False,5,True,2009,10
,,,2009-10-11,,,,,,,,,,,,,2009-10-11,False,6,True,2009,10
,,,2009-10-17,,,,,,,,,,,,,2009-10-17,False,5,True,2009,10
,,,2009-10-18,,,,,,,,,,,,,2009-10-18,False,6,True,2009,10
,,,2009-10-24,,,,,,,,,,,,,2009-10-24,False,5,True,2009,10
,,,2009-10-25,,,,,,,,,,,,,2009-10-25,False,6,True,2009,10
,,,2009-10-31,,,,,,,,,,,,,2009-10-31,False,5,True,2009,10
,,,2009-11-01,,,,,,,,,,,,,2009-11-01,False,6,True,2009,11
,,,2009-11-07,,,,,,,,,,,,,2009-11-07,False,5,True,2009,11
,,,2009-11-08,,,,,,,,,,,,,2009-11-08,False,6,True,2009,11
,,,2009-11-14,,,,,,,,,,,,,2009-11-14,False,5,True,2009,11
,,,2009-11-15,,,,,,,,,,,,,2009-11-15,False,6,True,2009,11
,,,2009-11-21,,,,,,,,,,,,,2009-11-21,False,5,True,2009,11
,,,2009-11-22,,,,,,,,,,,,,2009-11-22,False,6,True,2009,11
,,,2009-11-28,,,,,,,,,,,,,2009-11-28,False,5,True,2009,11
,,,2009-11-29,,,,,,,,,,,,,2009-11-29,False,6,True,2009,11
,,,2009-12-05,,,,,,,,,,,,,2009-12-05,False,5,True,2009,12
,,,2009-12-06,,,,,,,,,,,,,2009-12-06,False,6,True,2009,12
,,,2009-12-12,,,,,,,,,,,,,2009-12-12,False,5,True,2009,12
,,,2009-12-13,,,,,,,,,,,,,2009-12-13,False,6,True,2009,12
,,,2009-12-19,,,,,,,,,,,,,2009-12-19,False,5,True,2009,12
,,,2009-12-20,,,,,,,,,,,,,2009-12-20,False,6,True,2009,12
,,,2009-12-26,,,,,,,,,,,,,2009-12-26,False,5,True,2009,12
,,,2009-12-27,,,,,,,,,,,,,2009-12-27,False,6,True,2009,12
,,,2010-01-02,,,,,,,,,,,,,2010-01-02,False,5,True,2010,1
,,,2010-01-03,,,,,,,,,,,,,2010-01-03,False,6,True,2010,1
,,,2010-01-09,,,,,,,,,,,,,2010-01-09,False,5,True,2010,1
,,,2010-01-10,,,,,,,,,,,,,2010-01-10,False,6,True,2010,1
,,,2010-01-16,,,,,,,,,,,,,2010-01-16,False,5,True,2010,1
,,,2010-01-17,,,,,,,,,,,,,2010-01-17,False,6,True,2010,1
,,,2010-01-23,,,,,,,,,,,,,2010-01-23,False,5,True,2010,1
,,,2010-01-24,,,,,,,,,,,,,2010-01-24,False,6,True,2010,1
,,,2010-01-30,,,,,,,,,,,,,2010-01-30,False,5,True,2010,1
,,,2010-01-31,,,,,,,,,,,,,2010-01-31,False,6,True,2010,1
,,,2010-02-06,,,,,,,,,,,,,2010-02-06,False,5,True,2010,2
,,,2010-02-07,,,,,,,,,,,,,2010-02-07,False,6,True,2010,2
,,,2010-02-13,,,,,,,,,,,,,2010-02-13,False,5,True,2010,2
,,,2010-02-14,,,,,,,,,,,,,2010-02-14,False,6,True,2010,2
,,,2010-02-20,,,,,,,,,,,,,2010-02-20,False,5,True,2010,2
,,,2010-02-21,,,,,,,,,,,,,2010-02-21,False,6,True,2010,2
,,,2010-02-27,,,,,,,,,,,,,2010-02-27,False,5,True,2010,2
,,,2010-02-28,,,,,,,,,,,,,2010-02-28,False,6,True,2010,2
,,,2010-03-06,,,,,,,,,,,,,2010-03-06,False,5,True,2010,3
,,,2010-03-07,,,,,,,,,,,,,2010-03-07,False,6,True,2010,3
,,,2010-03-13,,,,,,,,,,,,,2010-03-13,False,5,True,2010,3
,,,2010-03-14,,,,,,,,,,,,,2010-03-14,False,6,True,2010,3
,,,2010-03-20,,,,,,,,,,,,,2010-03-20,False,5,True,2010,3
,,,2010-03-21,,,,,,,,,,,,,2010-03-21,False,6,True,2010,3
,,,2010-03-27,,,,,,,,,,,,,2010-03-27,False,5,True,2010,3
,,,2010-03-28,,,,,,,,,,,,,2010-03-28,False,6,True,2010,3
,,,2010-04-03,,,,,,,,,,,,,2010-04-03,False,5,True,2010,4
,,,2010-04-04,,,,,,,,,,,,,2010-04-04,False,6,True,2010,4
,,,2010-04-10,,,,,,,,,,,,,2010-04-10,False,5,True,2010,4
,,,2010-04-11,,,,,,,,,,,,,2010-04-11,False,6,True,2010,4
,,,2010-04-17,,,,,,,,,,,,,2010-04-17,False,5,True,2010,4
,,,2010-04-18,,,,,,,,,,,,,2010-04-18,False,6,True,2010,4
,,,2010-04-24,,,,,,,,,,,,,2010-04-24,False,5,True,2010,4
,,,2010-04-25,,,,,,,,,,,,,2010-04-25,False,6,True,2010,4
,,,2010-05-01,,,,,,,,,,,,,2010-05-01,False,5,True,2010,5
,,,2010-05-02,,,,,,,,,,,,,2010-05-02,False,6,True,2010,5
,,,2010-05-08,,,,,,,,,,,,,2010-05-08,False,5,True,2010,5
,,,2010-05-09,,,,,,,,,,,,,2010-05-09,False,6,True,2010,5
,,,2010-05-15,,,,,,,,,,,,,2010-05-15,False,5,True,2010,5
,,,2010-05-16,,,,,,,,,,,,,2010-05-16,False,6,True,2010,5
,,,2010-05-22,,,,,,,,,,,,,2010-05-22,False,5,True,2010,5
,,,2010-05-23,,,,,,,,,,,,,2010-05-23,False,6,True,2010,5
,,,2010-05-29,,,,,,,,,,,,,2010-05-29,False,5,True,2010,5
,,,2010-05-30,,,,,,,,,,,,,2010-05-30,False,6,True,2010,5
,,,2010-06-05,,,,,,,,,,,,,2010-06-05,False,5,True,2010,6
,,,2010-06-06,,,,,,,,,,,,,2010-06-06,False,6,True,2010,6
,,,2010-06-12,,,,,,,,,,,,,2010-06-12,False,5,True,2010,6
,,,2010-06-13,,,,,,,,,,,,,2010-06-13,False,6,True,2010,6
,,,2010-06-19,,,,,,,,,,,,,2010-06-19,False,5,True,2010,6
,,,2010-06-20,,,,,,,,,,,,,2010-06-20,False,6,True,2010,6
,,,2010-06-26,,,,,,,,,,,,,2010-06-26,False,5,True,2010,6
,,,2010-06-27,,,,,,,,,,,,,2010-06-27,False,6,True,2010,6
,,,2010-07-03,,,,,,,,,,,,,2010-07-03,False,5,True,2010,7
,,,2010-07-04,,,,,,,,,,,,,2010-07-04,False,6,True,2010,7
,,,2010-07-10,,,,,,,,,,,,,2010-07-10,False,5,True,2010,7
,,,2010-07-11,,,,,,,,,,,,,2010-07-11,False,6,True,2010,7
,,,2010-07-17,,,,,,,,,,,,,2010-07-17,False,5,True,2010,7
,,,2010-07-18,,,,,,,,,,,,,2010-07-18,False,6,True,2010,7
,,,2010-07-24,,,,,,,,,,,,,2010-07-24,False,5,True,2010,7
,,,2010-07-25,,,,,,,,,,,,,2010-07-25,False,6,True,2010,7
,,,2010-07-31,,,,,,,,,,,,,2010-07-31,False,5,True,2010,7
,,,2010-08-01,,,,,,,,,,,,,2010-08-01,False,6,True,2010,8
,,,2010-08-07,,,,,,,,,,,,,2010-08-07,False,5,True,2010,8
,,,2010-08-08,,,,,,,,,,,,,2010-08-08,False,6,True,2010,8
,,,2010-08-14,,,,,,,,,,,,,2010-08-14,False,5,True,2010,8
,,,2010-08-15,,,,,,,,,,,,,2010-08-15,False,6,True,2010,8
,,,2010-08-21,,,,,,,,,,,,,2010-08-21,False,5,True,2010,8
,,,2010-08-22,,,,,,,,,,,,,2010-08-22,False,6,True,2010,8
,,,2010-08-28,,,,,,,,,,,,,2010-08-28,False,5,True,2010,8
,,,2010-08-29,,,,,,,,,,,,,2010-08-29,False,6,True,2010,8
,,,2010-09-04,,,,,,,,,,,,,2010-09-04,False,5,True,2010,9
,,,2010-09-05,,,,,,,,,,,,,2010-09-05,False,6,True,2010,9
,,,2010-09-11,,,,,,,,,,,,,2010-09-11,False,5,True,2010,9
,,,2010-09-12,,,,,,,,,,,,,2010-09-12,False,6,True,2010,9
,,,2010-09-18,,,,,,,,,,,,,2010-09-18,False,5,True,2010,9
,,,2010-09-19,,,,,,,,,,,,,2010-09-19,False,6,True,2010,9
,,,2010-09-25,,,,,,,,,,,,,2010-09-25,False,5,True,2010,9
,,,2010-09-26,,,,,,,,,,,,,2010-09-26,False,6,True,2010,9
,,,2010-10-02,,,,,,,,,,,,,2010-10-02,False,5,True,2010,10
,,,2010-10-03,,,,,,,,,,,,,2010-10-03,False,6,True,2010,10
,,,2010-10-09,,,,,,,,,,,,,2010-10-09,False,5,True,2010,10
,,,2010-10-10,,,,,,,,,,,,,2010-10-10,False,6,True,2010,10
,,,2010-10-16,,,,,,,,,,,,,2010-10-16,False,5,True,2010,10
,,,2010-10-17,,,,,,,,,,,,,2010-10-17,False,6,True,2010,10
,,,2010-10-23,,,,,,,,,,,,,2010-10-23,False,5,True,2010,10
,,,2010-10-24,,,,,,,,,,,,,2010-10-24,False,6,True,2010,10
,,,2010-10-30,,,,,,,,,,,,,2010-10-30,False,5,True,2010,10
,,,2010-10-31,,,,,,,,,,,,,2010-10-31,False,6,True,2010,10
,,,2010-11-06,,,,,,,,,,,,,2010-11-06,False,5,True,2010,11
,,,2010-11-07,,,,,,,,,,,,,2010-11-07,False,6,True,2010,11
,,,2010-11-13,,,,,,,,,,,,,2010-11-13,False,5,True,2010,11
,,,2010-11-14,,,,,,,,,,,,,2010-11-14,False,6,True,2010,11
,,,2010-11-20,,,,,,,,,,,,,2010-11-20,False,5,True,2010,11
,,,2010-11-21,,,,,,,,,,,,,2010-11-21,False,6,True,2010,11
,,,2010-11-27,,,,,,,,,,,,,2010-11-27,False,5,True,2010,11
,,,2010-11-28,,,,,,,,,,,,,2010-11-28,False,6,True,2010,11
,,,2010-12-04,,,,,,,,,,,,,2010-12-04,False,5,True,2010,12
,,,2010-12-05,,,,,,,,,,,,,2010-12-05,False,6,True,2010,12
,,,2017-12-30,,,,,,,,,,,,,2017-12-30,False,5,True,2017,12
,,,2017-12-31,,,,,,,,,,,,,2017-12-31,False,6,True,2017,12
,,,2023-12-31,,,,,,,,,,,,,2023-12-31,False,6,True,2023,12
,,,2024-01-07,,,,,,,,,,,,,2024-01-07,False,6,True,2024,1
,,,2024-01-14,,,,,,,,,,,,,2024-01-14,False,6,True,2024,1
,,,2024-01-21,,,,,,,,,,,,,2024-01-21,False,6,True,2024,1
,,,2024-01-28,,,,,,,,,,,,,2024-01-28,False,6,True,2024,1
,,,2024-02-04,,,,,,,,,,,,,2024-02-04,False,6,True,2024,2
,,,2024-02-11,,,,,,,,,,,,,2024-02-11,False,6,True,2024,2
,,,2024-02-18,,,,,,,,,,,,,2024-02-18,False,6,True,2024,2
,,,2024-02-25,,,,,,,,,,,,,2024-02-25,False,6,True,2024,2
,,,2024-03-03,,,,,,,,,,,,,2024-03-03,False,6,True,2024,3
,,,2024-03-10,,,,,,,,,,,,,2024-03-10,False,6,True,2024,3
,,,2024-03-17,,,,,,,,,,,,,2024-03-17,False,6,True,2024,3
,,,2024-03-24,,,,,,,,,,,,,2024-03-24,False,6,True,2024,3
,,,2024-03-31,,,,,,,,,,,,,2024-03-31,False,6,True,2024,3
,,,2024-04-07,,,,,,,,,,,,,2024-04-07,False,6,True,2024,4
,,,2024-04-14,,,,,,,,,,,,,2024-04-14,False,6,True,2024,4
,,,2024-04-21,,,,,,,,,,,,,2024-04-21,False,6,True,2024,4
,,,2024-04-28,,,,,,,,,,,,,2024-04-28,False,6,True,2024,4
,,,2024-05-05,,,,,,,,,,,,,2024-05-05,False,6,True,2024,5
,,,2024-05-12,,,,,,,,,,,,,2024-05-12,False,6,True,2024,5
,,,2024-05-19,,,,,,,,,,,,,2024-05-19,False,6,True,2024,5
,,,2024-05-26,,,,,,,,,,,,,2024-05-26,False,6,True,2024,5
,,,2024-06-02,,,,,,,,,,,,,2024-06-02,False,6,True,2024,6
,,,2024-06-09,,,,,,,,,,,,,2024-06-09,False,6,True,2024,6
,,,2024-06-16,,,,,,,,,,,,,2024-06-16,False,6,True,2024,6
,,,2024-06-23,,,,,,,,,,,,,2024-06-23,False,6,True,2024,6
,,,2024-06-30,,,,,,,,,,,,,2024-06-30,False,6,True,2024,6
,,,2024-07-07,,,,,,,,,,,,,2024-07-07,False,6,True,2024,7
,,,2024-07-14,,,,,,,,,,,,,2024-07-14,False,6,True,2024,7
,,,2024-07-21,,,,,,,,,,,,,2024-07-21,False,6,True,2024,7
,,,2024-07-28,,,,,,,,,,,,,2024-07-28,False,6,True,2024,7
,,,2024-08-04,,,,,,,,,,,,,2024-08-04,False,6,True,2024,8
,,,2024-08-11,,,,,,,,,,,,,2024-08-11,False,6,True,2024,8
,,,2024-08-18,,,,,,,,,,,,,2024-08-18,False,6,True,2024,8
,,,2024-08-25,,,,,,,,,,,,,2024-08-25,False,6,True,2024,8
,,,2024-09-01,,,,,,,,,,,,,2024-09-01,False,6,True,2024,9
,,,2024-09-08,,,,,,,,,,,,,2024-09-08,False,6,True,2024,9
,,,2024-09-15,,,,,,,,,,,,,2024-09-15,False,6,True,2024,9
,,,2024-09-22,,,,,,,,,,,,,2024-09-22,False,6,True,2024,9
,,,2024-09-29,,,,,,,,,,,,,2024-09-29,False,6,True,2024,9
,,,2024-10-06,,,,,,,,,,,,,2024-10-06,False,6,True,2024,10
,,,2024-10-13,,,,,,,,,,,,,2024-10-13,False,6,True,2024,10
,,,2024-10-20,,,,,,,,,,,,,2024-10-20,False,6,True,2024,10
,,,2024-10-27,,,,,,,,,,,,,2024-10-27,False,6,True,2024,10
,,,2024-11-03,,,,,,,,,,,,,2024-11-03,False,6,True,2024,11
,,,2024-11-10,,,,,,,,,,,,,2024-11-10,False,6,True,2024,11
,,,2024-11-17,,,,,,,,,,,,,2024-11-17,False,6,True,2024,11
,,,2024-11-24,,,,,,,,,,,,,2024-11-24,False,6,True,2024,11
,,,2024-12-01,,,,,,,,,,,,,2024-12-01,False,6,True,2024,12
,,,2024-12-08,,,,,,,,,,,,,2024-12-08,False,6,True,2024,12
,,,2024-12-15,,,,,,,,,,,,,2024-12-15,False,6,True,2024,12
,,,2024-12-22,,,,,,,,,,,,,2024-12-22,False,6,True,2024,12
,,,2024-12-29,,,,,,,,,,,,,2024-12-29,False,6,True,2024,12
,,,2025-01-05,,,,,,,,,,,,,2025-01-05,False,6,True,2025,1
,,,2025-01-12,,,,,,,,,,,,,2025-01-12,False,6,True,2025,1
,,,2025-01-19,,,,,,,,,,,,,2025-01-19,False,6,True,2025,1
,,,2025-01-26,,,,,,,,,,,,,2025-01-26,False,6,True,2025,1
,,,2025-02-02,,,,,,,,,,,,,2025-02-02,False,6,True,2025,2
,,,2025-02-09,,,,,,,,,,,,,2025-02-09,False,6,True,2025,2
,,,2025-02-16,,,,,,,,,,,,,2025-02-16,False,6,True,2025,2
,,,2025-02-23,,,,,,,,,,,,,2025-02-23,False,6,True,2025,2
,,,2025-03-02,,,,,,,,,,,,,2025-03-02,False,6,True,2025,3
,,,2025-03-09,,,,,,,,,,,,,2025-03-09,False,6,True,2025,3
,,,2025-03-16,,,,,,,,,,,,,2025-03-16,False,6,True,2025,3
,,,2025-03-23,,,,,,,,,,,,,2025-03-23,False,6,True,2025,3
,,,2025-03-30,,,,,,,,,,,,,2025-03-30,False,6,True,2025,3
,,,2025-04-06,,,,,,,,,,,,,2025-04-06,False,6,True,2025,4
,,,2025-04-13,,,,,,,,,,,,,2025-04-13,False,6,True,2025,4
,,,2025-04-20,,,,,,,,,,,,,2025-04-20,False,6,True,2025,4
,,,2025-04-27,,,,,,,,,,,,,2025-04-27,False,6,True,2025,4
,,,2025-05-04,,,,,,,,,,,,,2025-05-04,False,6,True,2025,5
